EL1: Electronic Ladder,A1: Melano KF No DNAse 4,B1: Melano KF No DNAse 6,C1: Melano KF Yes DNAse 1,D1: Melano KF Yes DNAse 3,E1: Melano D No DNAse 1,F1: Melano D No DNAse 5,G1: Melano D Yes DNAse 2,H1: Melano D Yes DNAse 5
0,0,0,0,0,0,0,0,0
0.02077436,0,0,0,0,0,0,0,0
0.003890991,0,0,0,0,0,0,0,0
0.004443645,0,0,0,0,0,0,0,0
0,0,0,0,0,0,0,0,0
0.001514435,0,0,0,0,0,0,0,0
0,0,0,0,0,0,0,0,0
0,0,0,0,0,0,0,0,0
0.01468706,0,0,0,0,0,0,0,0
0,0,0,0,0,0,0,0,0
0,0,0,0,0,0,0,0,0
0.04919553,0,0,0,0,0,0,0,0
0.07778025,0,0,0,0,0,0,0,0
0.06287456,0,0,0,0,0,0,0,0
0.143337,0,0,0,0,0,0,0,0
0.3017426,0,0,0,0,0,0,0,0
0.3133645,0,0,0,0,0,0,0,0
0.5862446,0,0,0,0,0,0,0,0
0.6384296,0,0,0,0,0,0,0,0
0.623435,0,0,0,0,0,0,0,0
0.7074766,0,0,0,0,0,0,0,0
0.7385635,0,0,0,0,0,0,0,0
0.6728959,0,0,0,0,0,0,0,0
0.53194,0,0,0,0,0,0,0,0
0.603312,0,0,0,0,0,0,0,0
0.523931,0,0,0,0,0,0,0,0
0.4217887,0,0,0,0,0,0,0,0
0.5978866,0,0,0,0,0,0,0,0
0.5986304,0,0,0,0,0,0,0,0
0.463788,0,0,0,0,0,0,0,0
0.5425901,0,0,0,0,0,0,0,0
0.5230641,0,0,0,0,0,0,0,0
0.4018135,0,0,0,0,0,0,0,0
0.447835,0,0,0,0,0,0,0,0
0.4380507,0,0,0,0,0,0,0,0
0.3837314,0,0,0,0,0,0,0,0
0.4111743,0,0,0,0,0,0,0,0
0.4198155,0,0,0,0,0,0,0,0
0.2100549,0,0,0,0,0,0,0,0
0.1311512,0,0,0,0,0,0,0,0
0.1020811,0,0,0,0,0,0,0,0
0.002857685,0,0,0,0,0,0,0,0
0,0,0,0,0,0,0,0,0
0,0,0,0,0,0,0,0,0
0,0,0,0,0,0,0,0,0
0.08973789,0,0,0,0,0,0,0,0
0.1419425,0,0,0,0,0,0,0,0
0.0909667,0,0,0,0,0,0,0,0
0.1482263,0.08774495,0.1938505,0,0.01630783,0.1064262,0.03995466,0,0.03971338
0.2121367,0.1561294,0.261723,0,0,0.2037263,0.1239653,0.07202864,0.101615
0.01945496,0.2457151,0.3525848,0,0,0.2656698,0.1755033,0.193984,0.09477854
0,0.3091884,0.3901534,0.07455015,0,0.3784285,0.1048217,0.3768449,0.1602273
0,0.3399892,0.3286548,0.08585024,0,0.4346466,0.09898949,0.4992356,0.2018571
0,0.4047766,0.1597028,0.05957174,0,0.3236451,0.06444788,0.575726,0.1560936
0.08420372,0.3630652,0.03816462,0,0,0.2789531,0,0.5496688,0.218513
0.03852177,0.3730631,0,0,0.07711744,0.09778166,0.04514074,0.4763198,0.2779527
0.1143756,0.2469563,0.03244305,0,0.0557971,0.09228706,0.02999926,0.3900218,0.2887497
0.2220144,0.1925364,0.00658083,0,0.05973864,0.02604246,0.03710842,0.2222257,0.3098235
0.4593344,0.06638646,0,0.05274343,0.2056842,0.01373816,0.1059093,0.1767974,0.3289251
0.3339543,0.004356384,0,0.02542973,0.2762828,0.007374763,0.2068715,0.09684467,0.2603016
0.2182727,0,0.09614706,0.04902649,0.3882599,0.01849365,0.1377683,0.129776,0.1898279
0.2291179,0,0.2319794,0.2507372,0.4097767,0.1757526,0.01478338,0.212317,0.1582241
0.2393465,0,0.2080035,0.1992865,0.4643192,0.2256598,0.09047937,0.2309108,0.09662914
0.2078538,0.08565569,0.1803741,0.09075356,0.3079481,0.2229214,0,0.3439822,0.06078625
0.1527991,0.06825709,0.2079844,0.01503706,0.3052435,0.2729149,0,0.3812666,0.02022171
0,0.02639747,0.2569094,0,0.2605357,0.1430721,0,0.478334,0.1541471
0.02681494,0.04442525,0.2774968,0,0.0789628,0.1482406,0,0.5386596,0.2106848
0,0.05208659,0.1289129,0.04285765,0.02753401,0.04852962,0.05892086,0.4190092,0.2079964
0,0.06259036,0,0.08505917,0.001726866,0,0.2007146,0.3345108,0.1231813
0,0.1335664,0.1441464,0.01510334,0,0,0.2768316,0.2095609,0.04000235
0.004436493,0.05847859,0.03117895,0.08104229,0.04283428,0.001552105,0.126864,0.1501846,0.003788471
0.1063318,0.04800892,0,0.1531715,0.04730654,0.002411842,0.2252412,0.0397625,0
0.03486204,0.002356052,0,0.04146576,0.1077247,0.04750013,0.2992039,0,0.08785534
0.07004738,0,0,0.04401779,0.05556345,0.06112766,0.3008299,0.02925777,0.02824497
0.1939974,0,0,0.108542,0.06089926,0.06104231,0.3802695,0,0
0.2114682,0.06016064,0.07255983,0.1396837,0.01111698,0,0.4336615,0.04056263,0.05452251
0.3254375,0.1286404,0.1671081,0.1665235,0,0.01331472,0.45715,0.1038089,0
0.3272204,0.09961152,0.2815194,0.1665444,0.02655387,0,0.5671754,0.07068586,0.006438732
0.3582625,0.1381128,0.3904533,0.186748,0.009317875,0.02299309,0.6071072,0.09980965,0.01057625
0.6224704,0.2040553,0.5250006,0.1301045,0.07455444,0.04489136,0.5384073,0.1983914,0.02263021
0.6738214,0.2429945,0.4524112,0.06028032,0.09127045,0.08370733,0.3339453,0.2553601,0.009048462
0.6119556,0.2404575,0.4370952,0.01288319,0.1033897,0.02831125,0.2735243,0.2602973,0
0.3347888,0.1882081,0.3552027,0.03161287,0.06611776,0.08159065,0.1095109,0.193953,0.05301905
0.1531692,0.08374524,0.2616363,0.08076859,0.02981806,0,0.05661345,0.2308517,0
0.07856035,0.1113989,0.1567831,0.1236887,0,0,0,0.1788979,0.003184795
0.02700949,0.2019987,0.1438174,0.1009855,0,0,0,0.1978068,0
0,0.2612062,0.1063533,0.006681919,0,0,0.05923748,0.2962885,0
0,0.2439201,0.08147526,0,0,0.00513649,0.1450872,0.3073673,0.09669304
0,0.2377763,0.09986258,0.0834341,0,0.01574278,0.2071619,0.3452454,0.204515
0,0.2262359,0.06689405,0.01336765,0.02954578,0,0.2791963,0.3028483,0.2164364
0.04109764,0.2239652,0.1120558,0,0.0309391,0.05733395,0.3516331,0.2310476,0.2681766
0,0.1382179,0.09235239,0.1189384,0.06069374,0,0.2852073,0.1528659,0.2627759
0.02638292,0.04930186,0.1227984,0.1485801,0.05159879,0.05310535,0.2536626,0,0.1731777
0.06229401,0,0.08668041,0.1591086,0.1581993,0.067379,0.1336856,0,0.02150536
0.04121494,0,0.07866287,0.09559679,0.2101521,0.2011633,0,0,0
0,0,0.07440233,0.1348977,0.1991229,0.24016,0,0.005797863,0
0,0,0,0.06942511,0.1825335,0.199945,0,0.058918,0
0,0,0,0.06740141,0.1440666,0.2049303,0,0.1031513,0.06519604
0,0.04291725,0.05070639,0.1647501,0.1205642,0.1382632,0.007837772,0.1518445,0.06884098
0,0,0,0.2808452,0,0.1082945,0.1355753,0.09695864,0.09533548
0,0.05453038,0.07927704,0.2529378,0,0.119143,0.261363,0.08875036,0.2462602
0,0.08676004,0.0644021,0.1776166,0,0,0.2402716,0.07708359,0.2723985
0,0.06824422,0.1373425,0.05756664,0.06327868,0,0.2462144,0.0406785,0.2156844
0,0.02707148,0.1366754,0,0.02175307,0,0.2125077,0.1048169,0.2171302
0,0,0.07464266,0,0,0,0.1749992,0.1419954,0.166759
0,0.02997136,0.1829524,0.02292442,0,0.01569891,0.2267108,0.1615386,0.1568198
0.3040228,0,0.1725206,0,0,0.03081369,0.1522121,0.1705027,0.1464825
1.405515,0.06356192,0.2535295,0.04058886,0,0,0.1866245,0.1901536,0.1583738
2.834507,0.04309893,0.230278,0.09972715,0,0,0.1252666,0.1988931,0.06455374
4.043449,0,0.1899986,0.1478224,0,0.002789021,0.1375017,0.135426,0.1488862
5.409372,0.04703879,0.1950479,0.05715084,0,0.03141499,0.04354715,0.1576319,0.2168255
7.060751,0.02972078,0.1163774,0.01777053,0,0.05595016,0.003687859,0.1236935,0.1232848
9.01142,0,0.107821,0.04859924,0.1030173,0.09619713,0,0.1675506,0.04656887
11.38547,0.001667261,0.04679441,0,0.0299921,0.01214743,0,0.1329494,0.1162682
14.12005,0,0,0,0.006108284,0.01834583,0,0.1327543,0.07036734
17.26014,0,0.04869604,0,0,0.01185703,0,0.1729193,0
20.97051,0,0.04287386,0,0,0,0,0.2424259,0.04836941
25.3254,0.05431318,0.09470415,0,0.0289557,0,0,0.3288121,0.01851749
30.42628,0,0.05469513,0,0.09483171,0.1072617,0,0.2846541,0
36.0128,0,0.03779936,0.02422094,0.1071279,0.2047696,0,0.2323222,0.07678127
42.3921,0.01142216,0.02954149,0.06135559,0.07847452,0.3289347,0,0.2383065,0.02589464
49.75721,0,0.08590555,0.104846,0.08436704,0.3492112,0,0.1819329,0
58.11675,0,0.06830597,0.1435094,0.06042933,0.3639445,0.04106808,0.1484251,0
67.09781,0.03386736,0.1258059,0.08976507,0,0.2370281,0.1299462,0.06752253,0
76.59318,0,0.1339645,0.1297684,0,0.2091107,0.2003999,0.1117291,0
86.53235,0,0.09979057,0.1380568,0,0.06830454,0.1419129,0.06808376,0.02400541
96.71154,0.04482365,0.09939671,0.229372,0.07899427,0.05304766,0.1732688,0.09007502,0.1991405
107.3292,0.04660463,0.07988071,0.1158719,0.09925413,0.01655245,0.1010647,0.1532292,0.2603683
118.0085,0.03257418,0,0.0682497,0.08677626,0.005198479,0.08082581,0.1015077,0.2524748
128.5506,0.05982113,0,0.08965302,0.02182865,0,0,0.2149191,0.3801398
138.9781,0.09126043,0.03030586,0.01130104,0.02645731,0.01710224,0,0.2655606,0.4041615
148.6813,0.04547024,0,0,0.001455307,0,0,0.2447634,0.4494457
158.0438,0,0,0.03644943,0,0.05414391,0.001598835,0.2532024,0.4411554
165.8421,0,0,0,0,0.1262565,0,0.3053813,0.3736157
172.4071,0,0,0.05158758,0.05135822,0.1648378,0,0.2907515,0.2679682
177.1938,0,0,0.1755376,0.09008455,0.1249828,0,0.1608391,0.2844238
180.721,0,0,0.2593374,0.1204953,0.1704926,0,0.04754019,0.2511001
182.7976,0,0,0.1594543,0,0.08435011,0,0,0.2470956
184.0034,0.05777931,0,0.1636577,0.0276742,0.1196389,0.04868317,0,0.2218914
183.7612,0.1120305,0,0.1273856,0,0.1753435,0,0,0.2345433
182.0963,0.1008391,0.02536106,0,0.01901007,0.2266269,0,0.003262043,0.2581034
179.2551,0.06882238,0.001572132,0,0,0.2351918,0,0,0.2293768
175.4089,0,0,0.03652763,0,0.3241291,0,0,0.1619473
169.8648,0,0,0,0,0.2762904,0,0.1551399,0.09897518
163.6694,0,0.002042294,0,0,0.1445246,0,0.250916,0
156.3133,0,0.0292511,0.05020046,0.04759026,0,0,0.2894769,0.008065701
148.2467,0,0,0.05178642,0,0.02055693,0,0.3235841,0
139.6879,0,0,0.04379845,0,0,0,0.2966695,0.00576067
131.4263,0,0,0.03776217,0.0766139,0.0179491,0,0.2601533,0
122.399,0,0,0.03687811,0.06143332,0.1013336,0,0.2212081,0.03093815
113.4277,0,0,0,0,0.1912532,0,0.1697788,0.02930641
104.7552,0,0,0,0,0.1531396,0,0.1183877,0.07377672
96.02428,0,0,0,0,0.1748109,0,0.08892536,0.09504271
87.56607,0,0,0.05749226,0,0.03711414,0,0.07865477,0.151566
79.93262,0,0.01662016,0,0,0.03045225,0,0.05194426,0.1654758
72.51277,0,0.07322264,0,0.02898788,0.1130867,0,0,0.1927433
65.42696,0,0.007491589,0.0127573,0.05928993,0.2029328,0,0,0.155509
58.7887,0,0.0516839,0.002470016,0.1546769,0.2304082,0,0,0.1582432
53.03083,0,0,0,0.1050816,0.2930775,0,0,0.1252899
47.41869,0,0,0,0.1056423,0.2656322,0,0,0.1648903
42.51573,0,0,0,0.02448082,0.2667103,0,0.009347916,0.1721592
38.00323,0,0,0,0,0.1433611,0,0.1958604,0.1844978
34.11943,0,0,0,0.02952814,0.1256447,0,0.2090158,0.1523972
30.83343,0,0,0,0.06224728,0.0387454,0,0.228055,0.1675544
28.08009,0,0,0,0,0,1.431462,0.2001877,0.2243733
25.57552,0,0.01339102,0,0,0,3.889749,0.09133482,0.1989665
23.51604,0,0,0,0,0,7.601862,0.04427671,0.3304014
21.80286,0,0,0.0216012,0,0,12.76636,0,0.3731456
20.47512,0,0,0,0,0,19.97095,0,0.3922243
19.14278,0,0,0,0.04950523,0.01897717,29.79573,0,0.3937774
18.04222,0,0,0,0,0.1122603,42.4535,0,0.3113031
16.84309,0,0,0.01969814,0,0.1239471,58.24755,0.02814627,0.1817031
16.03548,0.2860374,0,0.0199337,0.03854084,0.122314,77.39357,0,0.1364098
15.28468,1.055769,0,0,0.03207111,0.08796692,99.96381,0,0.04588652
14.43121,2.308712,0,0,0,0,126.27,0,0.006855965
13.87171,3.964399,0,0,0.00513792,0.06040382,154.3526,0,0
13.48894,6.423364,0,0,0,0.1542711,185.7505,0,0
13.46001,10.18855,0,0.01028395,0,0.1917768,218.4893,0,0
13.14586,15.34611,0,0,0,0.09253788,252.6985,0,0.04523945
12.79887,22.62065,0,0,0.05130672,0.07588959,286.9267,0,0.08875084
12.60898,32.67118,0,0,0,0.01671886,319.5576,0.01177168,0.06997919
12.22836,45.62881,0,0,0,0,348.8428,0.006759167,0.1146088
11.97549,61.96222,0,0,0,0,373.8142,0,0.09780836
11.68075,82.23484,0,0,0,0,394.3,0,0.05518723
11.16488,106.1488,0.2149668,0,0,0,407.8086,0,0.009892941
10.84782,133.94,0.5647602,0,0,0,413.8566,0,0
10.45394,165.0871,1.187998,0,0,0,414.4678,0,0
10.1925,199.4547,2.108327,0,0,0,407.8098,0,0
9.845958,235.6896,3.586525,0,0,0,396.3029,0.009391785,0.01136112
9.430903,272.2322,5.702291,0,0,0,380.1404,0.03424549,0
9.227633,308.9408,8.852914,0,0,0,360.4325,0.02580643,0
8.951421,343.7313,13.77521,0,0,0,337.7384,0.04924536,0
8.649407,374.5672,20.58983,0,0,0,312.953,0,0
8.43328,401.52,29.88839,0,0,0,287.5431,0,0.09703588
8.136649,422.1533,42.06246,0,0,0,260.4064,0,0.1812568
7.748421,435.9219,58.03061,0,0.660718,0,233.9588,0,0.2186522
7.452363,442.9802,78.18163,0,2.36374,0,208.4981,0,0.2530079
7.086936,443.9491,102.6641,0,4.822234,0,183.7847,0,0.1910901
6.854991,437.7293,132.2934,0,8.288548,0,161.322,0,0.1564827
6.527324,424.385,167.7097,0,13.12995,0,141.2987,0,0.09446049
6.17592,406.3824,206.9142,0,19.57863,0,123.6665,0,0.0746913
5.929846,383.7932,249.543,0,28.13437,0,108.3724,0,0
5.731161,357.4974,295.7073,0,38.79763,0,94.783,0,0
5.530811,329.5781,342.7995,0,52.13785,0,83.34589,0,0
5.314283,299.8782,390.7263,0.4149771,68.36893,1.2054,73.38464,0,0
5.039759,269.7399,436.5279,1.147427,87.7786,4.284158,65.03874,0,0
4.879637,240.9465,478.0674,2.165461,109.3444,8.800235,58.06221,0,0
4.533747,214.0184,514.8935,3.585608,134.1199,15.5563,52.22648,0,0
4.246821,188.4565,542.4928,5.626624,161.4445,24.63784,47.32233,0,0.004974365
3.987095,165.024,561.4074,8.486682,190.7733,37.20605,43.30445,0,0.01057434
3.707324,144.2881,569.1733,12.81822,222.0688,53.2998,39.891,0,0
3.459528,126.1084,565.6896,18.84195,254.0225,72.94035,36.97654,0,0
3.27951,110.2665,551.9816,27.13453,285.2917,97.05515,34.4885,0,0
3.214552,96.68029,528.1492,38.47575,317.1422,126.5609,32.39192,0,0
3.010284,85.16209,498.433,53.05201,346.7317,160.3755,30.56342,0,0.05934
3.008267,75.28354,462.9261,70.81454,372.9208,198.9312,28.93394,0,0
2.798151,66.99583,423.4949,93.24544,394.445,239.6909,27.40577,0,0
2.634225,60.08603,383.2944,119.1169,411.7313,282.9052,26.00064,0,0
2.382677,54.16634,341.5377,149.0875,422.4589,326.6898,24.49545,0,0
2.227367,49.25502,301.7139,184.1885,425.9934,367.9794,23.1068,0,0.01758432
2.095788,45.1495,264.5847,223.5335,423.4677,407.9627,21.80524,0,0
1.843846,41.45784,229.9464,267.7056,414.8755,442.6586,20.53443,0,0
1.697485,38.30405,198.2605,315.6941,401.2265,473.7992,19.25824,0,0
1.858475,35.67587,170.3392,367.0501,384.6276,498.7446,18.2339,0,0.04848719
1.811575,33.34929,146.9378,416.0343,363.4803,515.9774,17.44372,0,0.0330267
1.964374,31.30156,126.9501,465.7155,339.9356,525.6736,16.62206,0.2620564,0.09282589
1.901066,29.62199,109.609,511.7376,314.6143,525.6692,15.93286,2.385239,0.1190515
1.778781,28.02779,95.50068,552.7713,288.2856,518.296,15.22285,5.475696,0.1409335
1.556797,26.51061,83.90869,587.7482,260.7068,502.4949,14.67287,9.957265,0.1483259
1.403651,24.9851,73.98151,615.7704,232.9125,477.6612,14.21737,16.3683,0.08732176
1.308333,23.61537,66.24091,634.8268,206.5863,449.2965,13.82643,25.12101,0
1.10693,22.23886,59.89381,646.3799,182.1158,416.1147,13.51526,36.80466,0
1.049143,21.05531,54.63881,647.5511,159.7453,381.5529,13.1169,51.98388,0
1.241197,19.93712,50.22874,639.7523,139.5453,345.8002,12.91503,70.885,0
1.354727,18.85177,46.71914,621.4332,121.5798,310.6805,12.80847,93.99732,0
1.502384,17.93605,43.70911,597.8048,106.0167,276.6216,12.7379,121.7234,0
1.519122,17.11811,41.04633,566.1135,92.23603,244.7242,12.81355,154.1686,0
1.324928,16.3075,38.79182,531.1786,80.46476,215.9264,12.89525,191.0785,0
1.076735,15.62976,36.57154,491.5446,70.43125,189.2097,13.26856,231.667,0
0.9952097,14.9224,34.51329,450.6494,62.09977,164.7716,13.74107,276.8049,0
0.8940001,14.3309,32.58649,409.0748,55.21363,143.7295,14.45553,324.2817,0
0.725214,13.81205,30.65544,368.2958,49.46033,125.3411,15.16018,374.0382,0
0.6926012,13.346,28.81007,327.7003,44.74401,109.2566,15.90713,423.929,0
0.6888208,12.91978,27.19176,290.0499,40.85395,95.90504,16.77284,471.4937,0
0.7387056,12.52868,25.67587,255.5448,37.46389,84.37566,17.75426,516.3887,0
0.8532467,12.2221,24.24391,223.9246,34.50422,74.41521,18.85343,557.5678,0
0.7408857,11.93456,22.96668,195.7875,31.96091,66.38315,20.07789,591.1647,0
0.7472887,11.64047,21.97869,171.364,29.60117,59.62155,21.46031,618.7149,0
0.8692646,11.39918,20.82262,149.217,27.52194,53.70183,23.00559,636.3378,0
1.168772,11.14064,19.7148,131.014,25.57629,48.80133,24.78393,644.6469,0
1.190784,10.82005,18.71727,115.2779,23.85548,44.66124,26.79751,643.3725,0
1.200372,10.62899,17.74812,101.6937,22.32398,40.9197,28.89524,633.3536,0
1.114477,10.44104,16.8223,90.03211,20.95922,37.74852,31.17811,613.4401,0
0.9727325,10.15932,16.09878,80.25266,19.78264,34.93942,33.62336,585.8871,0
0.8234692,9.997291,15.35452,72.0141,18.51752,32.4242,36.11218,553.4305,0
0.8036432,9.902715,14.67521,64.97701,17.48091,30.31079,38.78926,516.3476,0
0.7431259,9.800904,14.06857,59.13896,16.46605,28.43539,41.48064,476.0872,0
0.7612772,9.670695,13.61171,54.10802,15.51152,26.56918,44.31629,436.3761,0
1.037474,9.617757,13.22215,49.78372,14.77769,24.83102,47.12197,395.4704,0
1.257266,9.500474,12.90133,45.97689,13.98283,23.30371,49.93895,355.5518,0
1.272376,9.292903,12.69285,42.79348,13.35901,21.91775,52.75706,317.7692,0
1.354032,9.250501,12.4586,39.876,12.77679,20.60347,55.49313,281.8025,0
1.327152,9.215827,12.16078,37.47832,12.2267,19.60411,58.38773,248.0668,0
1.441128,9.122085,11.89964,35.3017,11.72887,18.7248,61.07229,218.1354,0
1.437162,9.044089,11.63577,33.48071,11.18761,17.96663,63.5047,191.2863,0
1.53565,9.117724,11.4696,31.56776,10.69044,17.25468,65.80519,166.8366,0
1.483832,9.179315,11.18275,29.8437,10.19282,16.6083,67.78592,146.0279,0
1.313531,9.271388,11.11342,28.11258,9.856713,15.96994,69.43391,128.0724,0
1.350208,9.40467,11.005,26.5303,9.464328,15.4562,70.68159,112.9974,0
1.262451,9.449801,10.86914,24.95512,9.162616,15.02708,71.5472,99.98595,0
1.230331,9.417546,10.84133,23.55403,8.9273,14.76111,72.05719,88.68436,1.416653
1.182846,9.439168,10.7368,22.28836,8.754283,14.59156,72.34508,79.27036,5.436991
1.293417,9.497588,10.55083,21.1129,8.583709,14.5711,72.58105,71.45365,11.28832
1.43209,9.567204,10.48165,20.13577,8.539638,14.75846,72.47305,64.83035,19.00805
1.565934,9.638616,10.47834,19.24906,8.512731,15.0395,72.10577,59.16811,29.67058
1.778693,9.748103,10.54094,18.31271,8.580266,15.31115,71.6837,54.17138,43.6722
1.832576,9.729251,10.55654,17.56469,8.691121,15.95332,71.20419,49.87717,61.05391
1.958308,9.804818,10.73371,16.75059,8.888383,16.74771,70.82849,46.26334,82.17772
2.013226,9.864886,10.67838,16.07621,8.959361,17.78177,70.35083,43.03288,108.4511
1.900956,9.881042,10.63764,15.40389,9.139636,18.95757,69.97231,40.12995,139.6865
1.976776,9.849256,10.702,14.87051,9.264991,20.41631,69.83923,37.6902,177.4714
1.942533,9.805463,10.71879,14.41961,9.394412,22.01769,70.02979,35.53529,217.7439
2.064632,9.848292,10.65163,13.90217,9.591563,23.95813,70.52246,33.48283,264.048
2.001075,9.861787,10.53222,13.54619,9.767148,26.1795,71.48151,31.51397,315.8974
2.192392,9.978938,10.57647,13.10827,9.949306,28.68507,72.65067,29.63354,370.9183
2.310712,10.0844,10.65639,12.89758,10.22779,31.27034,74.2838,28.03399,430.516
2.362311,10.11929,10.65396,12.70619,10.47201,34.21539,76.40723,26.52475,489.0048
2.456297,10.348,10.67284,12.45733,10.7826,37.2754,79.03676,25.24465,547.4662
2.468528,10.52722,10.61918,12.33939,11.10341,40.65389,81.93457,23.98338,605.845
2.466484,10.69499,10.60801,12.30958,11.51518,44.04685,85.12654,22.95244,658.6733
2.562199,10.95485,10.71893,12.33599,11.84816,47.58416,88.67061,22.07533,706.8305
2.688143,11.07761,10.80161,12.36599,12.13516,51.28999,92.42549,21.33495,743.9624
2.760905,11.16053,10.85109,12.5185,12.50263,55.15084,96.45222,20.51561,772.5912
2.684251,11.25156,10.87699,12.64295,12.78619,58.88464,100.6345,19.93047,790.231
2.796084,11.53469,10.98032,12.73251,13.13393,62.67043,104.7429,19.46924,795.8072
2.842338,11.86981,10.99194,12.92594,13.40518,66.31263,108.747,19.18605,790.1074
2.957272,12.32026,10.87249,13.13026,13.68962,69.82829,112.7138,18.79787,771.9959
3.109657,12.94062,10.84629,13.25092,13.94372,72.94884,116.4451,18.37734,745.7957
3.35411,13.64115,10.8796,13.63978,14.25508,75.89993,120.1244,18.0619,712.8947
3.562705,14.50467,11.00682,14.0387,14.50013,78.32919,123.1164,17.98486,671.0823
3.711011,15.61813,11.18263,14.45088,14.66224,80.28687,125.569,17.85394,625.2457
3.779229,16.74889,11.46017,14.7854,14.85553,81.93858,127.4693,17.7984,575.6749
3.873752,18.03568,11.97913,15.27358,15.19823,83.09651,128.6693,17.72496,524.3409
3.97186,19.58841,12.64508,15.74478,15.52203,83.871,129.1431,18.06475,473.0584
4.120864,21.31548,13.31123,16.15512,15.82271,84.30013,128.792,18.4189,423.1952
4.407995,23.38536,14.12489,16.53968,16.12766,84.37427,127.603,18.9288,374.368
4.740877,25.85984,15.02533,16.87364,16.59068,84.13855,125.8634,19.41965,329.8457
5.183635,28.55847,16.10056,17.1394,17.02084,83.39912,123.2377,19.88665,289.4124
5.696602,31.43248,17.38153,17.58497,17.58611,82.35898,119.6478,20.45456,253.1227
6.020205,34.44775,18.83691,17.7416,18.24912,80.94656,115.1614,21.03565,219.6147
6.294484,37.64014,20.5097,17.94163,19.06116,79.45856,110.2084,21.53387,190.1464
6.550032,40.84159,22.34835,18.0197,20.17554,77.87491,104.755,22.02517,165.0701
7.067249,43.91917,24.56723,18.17652,21.50996,76.45499,98.87178,22.5853,143.6569
7.607132,46.91289,27.02307,18.33904,23.09266,75.2374,93.11292,23.3014,125.5472
7.999272,49.62527,29.60395,18.41482,24.97736,74.17057,87.47232,23.83389,109.9922
8.483399,52.07755,32.35166,18.60122,26.99972,73.54604,82.08218,24.5341,96.55341
9.100471,53.97932,35.10906,18.74546,29.35239,73.37592,77.0542,25.06073,85.34486
9.723855,55.30418,37.86085,18.83807,31.88585,73.56794,72.19241,25.66211,75.89505
10.54847,55.91298,40.49863,19.0129,34.73799,74.19111,67.69366,26.2649,67.75864
11.37495,55.75069,43.02962,19.10769,37.77845,75.4426,63.95445,26.85269,61.01206
12.50006,55.0708,45.41921,19.31268,40.99478,77.33257,60.89665,27.38209,55.33541
13.92115,53.66902,47.27252,19.55006,44.44429,79.51495,58.32599,27.82919,50.41872
15.43674,51.655,48.71299,19.95123,48.07831,82.17117,56.12443,28.23826,46.07445
17.24239,49.34447,49.66994,20.51017,52.04003,85.20461,54.5303,28.64336,42.39799
19.26184,46.72978,50.0365,21.22887,56.14166,88.7179,53.31255,28.96916,39.03932
21.67051,43.90532,49.73935,22.16301,60.2006,92.3647,52.11691,29.21181,36.13082
24.47736,40.97806,48.98268,23.14028,64.37659,96.12283,51.02398,29.3714,33.46552
27.67189,38.18853,47.57001,24.4076,68.14806,99.93292,49.9198,29.74479,30.9364
31.58931,35.43927,45.74104,26.07939,71.62238,103.6048,49.03504,30.1122,28.77984
35.96396,33.03321,43.59892,28.10022,74.40133,107.3362,48.2,30.4406,26.87922
40.95355,30.90012,41.25362,30.53924,76.58511,110.8738,47.44102,30.52216,25.15559
46.12794,28.86988,38.68938,33.33932,77.86104,113.9428,46.69309,30.69248,23.50553
51.64317,27.1523,36.11529,36.63312,78.28177,116.8527,45.86792,30.90528,21.96779
57.59286,25.68325,33.63203,40.25254,77.97515,119.4149,45.03906,31.21645,20.64832
63.7354,24.4939,31.26555,44.35828,76.79264,121.486,44.22367,31.68116,19.34732
69.85553,23.47257,29.13977,48.55825,74.84027,122.7361,43.21405,32.23305,18.21937
75.89359,22.695,27.38603,53.14577,72.24185,123.4464,42.17347,33.01463,17.20404
81.78076,22.0242,25.75311,57.90263,68.83529,123.3713,41.2105,34.12688,16.22104
87.19453,21.42188,24.49456,62.66659,65.14985,122.505,40.36683,35.43411,15.48596
91.76865,20.93917,23.36288,67.26209,61.17747,120.773,39.53418,37.04223,14.85228
95.54222,20.58698,22.46855,71.66487,57.24337,118.1675,38.8611,38.83316,14.35121
98.08273,20.20889,21.77333,75.4856,53.17111,114.4944,38.28728,41.01219,13.92896
99.29156,19.93613,21.28341,78.74106,49.35203,110.1025,37.78954,43.51311,13.58456
99.06339,19.52974,20.82821,80.88882,45.71967,104.7959,37.36126,46.26584,13.34593
97.45181,19.26543,20.50297,82.35101,42.43495,98.88515,36.9203,49.39053,13.22952
94.50578,19.04759,20.26414,82.70729,39.52417,92.55431,36.58578,52.96858,13.28802
90.77435,18.93386,19.90413,82.27162,36.96478,85.98329,36.23075,56.89625,13.41638
86.22996,18.81965,19.68097,80.71628,34.77864,79.51974,36.11245,61.1481,13.58443
80.70927,18.59446,19.55435,78.24754,32.89131,73.5048,36.127,65.74341,13.81752
74.90852,18.35077,19.34904,75.05022,31.49342,67.88879,36.29412,70.70818,13.96814
68.94247,18.28591,19.14916,71.2499,30.39959,62.85464,36.4734,75.84969,14.08228
62.84081,18.02755,19.03876,66.83649,29.43788,58.35638,36.97957,81.03374,14.18045
56.55688,17.89307,18.98879,62.21244,28.73107,54.4468,37.56368,86.45153,14.32495
50.46388,17.7059,18.94929,57.2313,28.14769,51.19759,38.30265,91.54864,14.69301
44.74711,17.54672,19.01643,52.47346,27.73724,48.43289,38.98378,96.37801,15.07554
39.44721,17.46352,19.08633,47.88187,27.4121,46.0751,39.68293,100.8032,15.48653
34.87772,17.47688,18.97435,43.6306,27.05013,44.12878,40.27391,104.4362,15.93211
30.95333,17.40471,18.95251,40.04631,26.71821,42.66122,40.74343,107.3055,16.36513
27.34794,17.28398,19.04314,36.94775,26.18954,41.45681,41.13015,109.1927,16.74522
24.55551,17.43237,19.01474,34.26234,25.88196,40.38911,41.29182,110.159,16.9624
22.37551,17.47152,19.02486,31.89206,25.4845,39.33952,41.41764,109.8653,17.13966
20.65787,17.5443,19.06306,29.98604,25.09344,38.34032,41.62825,108.4998,17.31231
19.16058,17.81916,19.19855,28.45077,24.69727,37.41541,41.86697,106.468,17.5858
18.21872,18.16446,19.46302,27.18275,24.3631,36.44049,42.10937,103.3752,17.90498
17.438,18.45123,19.95385,26.06998,24.0294,35.30262,42.1428,99.69394,18.17427
16.86738,18.79552,20.38338,25.16066,23.784,34.11168,42.10928,95.59247,18.41315
16.64213,19.08229,20.78996,24.35944,23.56104,33.00665,42.07055,91.10586,18.58327
16.57688,19.26534,21.39176,23.83194,23.30131,32.05138,41.74743,86.71461,18.80882
16.45852,19.52904,22.00811,23.30632,23.07227,31.01119,41.57351,82.50446,18.9434
16.46589,19.8801,22.55047,22.69827,22.8957,30.05743,41.30336,78.58262,18.96081
16.63826,20.06803,23.12805,22.17663,22.78888,29.24916,41.33749,74.8664,19.18246
16.67247,20.25275,23.68398,21.84272,22.7275,28.66927,41.48177,71.75137,19.52471
16.84927,20.48078,24.30087,21.46638,22.58052,28.26935,41.90318,69.25027,19.99916
17.22406,20.66761,24.83232,21.17023,22.50933,28.0573,42.45157,67.06108,20.69216
17.14243,20.71326,25.33371,20.80532,22.52045,27.95535,42.92302,65.47251,21.42393
17.43853,20.69084,25.55809,20.55857,22.63549,27.7863,43.3212,64.34245,22.19504
17.82478,20.63757,25.83603,20.2594,22.89826,27.83207,43.75423,63.3285,23.18301
17.96032,20.50346,25.95701,19.97873,23.21129,27.9876,43.96602,62.65863,24.35978
18.25215,20.32246,25.90999,19.6627,23.60369,28.14453,44.3238,62.12252,25.78241
18.41615,20.20881,25.86469,19.35727,24.00342,28.53701,44.66712,61.71718,27.53974
18.5258,20.24873,25.72618,19.21637,24.58987,28.96883,45.32011,61.417,29.67142
18.76223,20.18287,25.4945,19.17338,25.17505,29.66377,45.94759,61.14826,32.13756
19.05353,20.22888,25.24612,19.10541,25.5863,30.37069,46.65265,60.7678,34.99857
19.16386,20.27234,24.93404,18.95028,25.97386,31.32937,47.46378,60.23051,38.27726
19.16387,20.29673,24.61856,18.91828,26.34085,32.21318,48.47323,59.93088,41.73667
19.28988,20.3834,24.28241,19.14204,26.67817,32.90393,49.42218,59.53887,45.67215
19.35769,20.44186,24.11701,19.41122,26.93737,33.6415,50.4316,59.14262,49.95642
19.3758,20.4732,23.96751,19.71459,27.11625,34.288,51.34653,58.93458,54.49838
19.57454,20.44635,23.90177,20.04528,27.21146,34.8137,52.42786,58.76987,59.49779
19.62598,20.51405,23.78442,20.38091,27.1357,35.21293,53.55996,58.78283,64.39464
19.78218,20.68082,23.64063,20.93969,27.1832,35.35487,54.76837,58.86708,69.1924
20.18354,20.73244,23.50633,21.50331,27.18483,35.47356,55.80714,59.00793,74.00613
20.41926,20.81715,23.52101,22.1418,27.01171,35.36693,56.98416,59.17516,78.40309
20.65388,20.86877,23.54161,22.65405,26.95673,35.14059,58.19631,59.44171,82.20695
21.04916,20.95512,23.67062,23.25294,26.99061,34.77992,59.71785,59.91703,85.29466
21.33175,21.10439,23.79419,23.9715,27.11282,34.45464,61.10373,60.57642,87.60651
21.92436,21.27403,24.08358,24.52314,27.27818,34.3032,62.73922,61.49321,88.7567
22.47783,21.41873,24.39653,24.90564,27.55255,34.19662,64.73792,62.69867,89.00224
23.19967,21.64713,24.69493,25.16912,27.91881,34.14104,66.91721,64.01186,88.15833
24.00547,21.98749,24.86935,25.13953,28.38198,34.25055,69.15385,65.35528,86.18317
24.92137,22.34959,25.16811,25.11591,28.93242,34.454,71.67168,66.85709,83.20839
26.07762,22.65747,25.50687,24.91713,29.34237,34.76307,74.18205,68.40658,79.43083
27.05424,22.86362,25.90087,24.73036,29.91204,35.16018,76.68857,70.0518,74.81805
28.35841,23.26749,26.37493,24.42514,30.48033,35.54851,79.07225,71.65752,69.85785
29.94373,23.72132,26.84789,24.21704,30.97349,35.91421,81.32654,73.19481,64.65671
31.9086,24.21476,27.47128,23.97783,31.57524,36.51979,83.31149,74.95837,59.3954
34.26385,24.73996,28.01583,23.69686,32.16437,37.18134,85.18745,76.53098,54.2072
36.98215,25.30482,28.60198,23.5033,32.83223,37.66824,87.00517,77.9674,49.58641
40.44484,26.00853,29.25911,23.45851,33.54105,38.25146,88.68573,79.19621,45.56441
44.49338,26.82709,29.90913,23.47608,34.25351,38.95082,90.32346,80.09229,42.2931
49.04794,27.53854,30.57513,23.40731,34.74914,39.53791,91.79958,80.84998,39.32285
54.35099,28.45927,31.41706,23.35212,35.18247,40.24641,93.11862,81.2409,36.94926
60.32379,29.32514,32.2788,23.4533,35.68209,41.13575,94.37894,81.43333,34.95327
67.59665,30.47287,33.27562,23.49416,36.06917,42.12053,95.479,81.18099,33.50058
76.28723,31.66787,34.30685,23.60551,36.47924,43.24467,96.27829,80.77927,32.16209
86.51976,32.82966,35.63481,23.639,37.00517,44.65624,96.96751,80.40155,31.05542
97.90131,34.02702,36.52213,23.74015,37.70599,45.97984,97.43665,79.9847,29.90547
110.6739,35.26391,37.61217,23.83928,38.48537,47.32323,97.96756,79.4049,28.98283
125.2747,36.40553,38.71233,23.89926,39.41927,48.69521,98.62656,78.84255,28.1866
140.65,37.46819,39.67492,24.0472,40.39042,50.1997,99.58774,78.43422,27.43248
156.6973,38.40969,40.59271,24.06456,41.46592,51.82705,100.7346,78.25176,26.54906
174.3146,39.49655,41.63089,24.33206,42.66774,53.67532,102.1241,78.02988,25.78037
192.1764,40.41038,42.63432,24.56432,43.97549,55.60061,103.7021,77.76157,25.01121
210.3529,41.31445,43.71489,24.88794,45.55089,57.94335,105.4381,77.64419,24.35064
229.0379,41.94994,44.94628,25.37063,47.13102,60.59235,106.9324,77.86147,23.76186
247.1249,42.45735,46.00712,25.9336,48.73283,63.50903,108.2714,78.14982,23.27002
263.5541,42.8633,46.75473,26.60026,50.4743,66.6278,109.0644,78.67374,22.82692
278.7838,43.05742,47.46706,27.13058,52.0455,70.03899,109.2373,79.1601,22.45842
292.334,43.15055,48.05597,27.73625,53.81922,73.60413,108.623,79.77249,22.21537
303.5136,43.1229,48.37597,28.37502,55.44656,77.59187,107.5477,80.53133,22.06153
312.692,43.16132,48.56309,29.18007,57.07476,81.79068,105.728,81.4127,22.12329
320.2479,43.12253,48.62946,30.19741,58.62973,85.87076,103.43,82.23128,22.29795
324.4709,43.14616,48.718,31.09273,60.05806,89.855,100.8948,83.23106,22.55032
325.13,43.23251,48.84121,32.34858,61.43629,93.9078,98.44402,84.62283,23.07291
321.8196,43.10671,49.10668,33.72832,62.57273,97.60294,96.06599,86.12778,23.70361
314.2173,43.17299,49.23986,35.17285,63.74956,101.1133,93.9688,87.26793,24.36175
301.6001,43.30996,49.54339,36.77311,64.80393,104.2855,92.20128,88.48249,25.09429
285.5716,43.36979,49.83611,38.34157,65.76129,107.0875,90.9585,89.90945,26.01521
266.1414,43.41011,50.27735,40.0759,66.66612,109.2996,89.87299,91.2993,26.95457
244.6514,43.50422,50.68521,41.76752,67.28587,111.0122,89.25444,92.73049,28.03564
222.0472,43.53526,51.00877,43.52073,67.95836,112.1266,89.0616,94.27133,29.10089
199.2599,43.3104,51.25157,45.21465,68.55392,112.6091,89.2193,95.99815,30.08386
177.1982,43.15329,51.35215,46.79199,69.09406,112.6284,89.6317,97.98506,30.93525
155.8681,43.03309,51.33318,48.35212,69.82713,112.1803,90.4518,100.3458,31.73277
135.7902,42.84364,51.29782,49.85301,70.66624,111.4418,91.75201,102.8422,32.28051
117.63,42.85284,51.18787,51.11311,71.66005,110.6454,93.36278,105.1949,32.57872
101.3451,42.84182,51.07506,52.27916,72.65989,109.9487,95.41922,107.7713,32.63114
87.3914,42.87885,50.85966,53.19589,73.51681,109.3826,97.99966,110.4885,32.7236
75.58495,42.83946,50.72247,53.78514,74.02295,108.8683,100.8477,113.1618,32.41777
65.88819,42.95501,50.74091,54.25478,74.12266,108.7439,104.2166,115.8974,32.25164
58.11989,43.01387,50.86991,54.47684,73.95429,108.8882,107.9838,118.5351,31.82232
52.0619,43.18095,51.07082,54.40357,73.33452,108.7938,111.5034,120.8594,31.42566
47.68968,43.44481,51.38065,54.12284,72.28603,108.4665,114.5988,122.8732,31.09727
44.34575,44.01072,52.01054,53.68309,71.18233,107.8543,116.9656,124.8338,30.88381
41.65612,44.8364,52.89058,53.23767,69.99763,106.8124,118.7444,126.4039,31.03101
39.66372,45.79477,53.98529,52.85489,68.70631,105.0185,119.4322,127.7414,31.18689
38.28231,46.75696,55.2234,52.43955,67.63915,102.8121,119.0969,128.668,31.46227
36.87449,48.05285,56.81208,52.01424,66.53939,99.84071,118.0564,128.9667,31.86134
35.83654,49.40062,58.69384,51.4639,65.81979,96.5016,116.54,129.1103,32.20824
34.94268,51.00479,60.8886,51.06168,65.29298,93.37357,114.7298,128.8223,32.70234
34.24714,52.83397,63.5866,50.71143,65.23345,90.3462,113.1941,128.168,33.12083
33.63666,54.91822,66.6188,50.19196,65.20827,87.53239,111.8404,126.9545,33.56988
33.13741,56.99846,69.64536,49.5591,65.49854,85.27769,110.5211,125.7722,34.15108
32.5499,59.26422,72.74682,48.92488,66.22955,83.80546,109.6077,124.6666,34.88511
31.83706,61.33519,75.67664,48.20459,67.29024,82.99388,109.3371,123.7068,35.85774
31.33617,62.87062,78.18813,47.58922,68.59998,82.53136,109.1629,123.1892,36.76978
30.74152,63.8757,80.13744,46.85151,70.25304,82.71468,109.3096,122.7462,37.75338
30.1513,64.41608,81.36369,46.1669,72.17014,83.18637,110.0227,122.5102,38.78276
29.65636,64.32663,81.55567,45.48986,74.69434,84.09662,110.5529,122.6417,39.94807
29.13369,63.91368,80.97368,45.01148,77.37649,85.7501,111.7046,122.7038,41.26429
29.03858,63.1993,79.88979,44.77584,80.68433,88.09786,113.9826,122.7159,42.54096
28.80333,62.41462,78.35815,44.66285,84.03602,91.23276,117.6364,122.3776,43.98092
28.68405,61.67846,76.45364,44.64096,87.67826,95.17095,122.7969,122.0288,45.69038
28.53453,61.25589,74.65794,44.81536,91.08069,99.93606,130.4555,121.2661,47.62684
28.3835,60.95179,73.15789,45.03623,94.1728,105.4598,140.5233,120.3165,49.72142
28.41796,60.72731,71.95147,45.53849,96.77843,111.2639,152.8668,119.2485,52.06163
28.3785,60.62128,71.26258,46.09575,98.44328,117.3003,166.4304,117.9432,54.74166
28.49684,60.62434,70.90038,46.91322,99.19405,123.0308,180.9525,116.5899,57.86569
28.68027,60.70227,70.6662,48.04566,98.91014,127.9632,194.4594,115.0795,61.24543
28.8009,61.00924,70.76627,49.58709,97.79995,131.6798,206.2027,113.7132,64.9288
29.15866,61.41084,71.09594,51.83344,96.43779,133.8555,214.9975,112.4038,68.65848
29.19191,62.07913,71.83381,54.21967,94.83421,134.5061,219.9848,111.2186,72.65581
29.2986,63.23059,73.01226,57.013,93.27063,133.6177,220.4974,110.4403,76.73894
29.56035,64.95761,74.77393,59.95257,91.78333,131.4998,217.3352,109.7783,80.63618
29.79193,67.39916,77.37871,63.04016,90.7166,128.8415,210.7333,109.5299,84.4144
29.99135,70.75386,80.76136,66.03783,90.2981,125.9578,201.9328,109.8703,88.08292
30.35151,74.68703,85.04881,68.32164,89.9436,123.1819,191.7242,110.5316,91.42429
30.71473,79.14417,90.13754,69.98487,90.07895,121.0051,181.9405,111.6126,94.47256
31.33374,84.21772,95.77409,70.70036,90.52483,119.389,173.1736,113.2898,97.08464
31.8958,89.39559,101.7922,70.66312,91.51672,118.2604,166.0079,115.8923,99.34534
32.6011,94.3792,107.7911,69.95438,93.0551,117.5314,161.1146,119.1473,100.8729
33.20981,99.02497,113.1595,68.32668,95.60794,117.5662,158.5689,123.1783,102.0187
34.07283,102.7552,117.6732,66.65556,99.12446,117.9054,157.6142,127.7161,102.5085
35.05488,105.301,120.8828,64.93719,103.962,119.1267,158.1534,132.3461,102.3914
36.04663,106.8661,122.7526,63.5368,110.3174,121.8903,159.4494,136.8879,102.1056
36.83076,107.2912,123.0761,62.45691,118.5069,126.2318,161.002,140.8099,101.4743
37.98085,106.4865,122.1161,61.66109,128.0135,133.1675,162.1808,143.6758,100.7044
39.08854,104.8229,120.4041,61.28341,138.4387,143.7778,162.4046,145.1725,99.87277
40.44449,102.9043,118.1921,61.23722,149.2759,158.382,161.4828,145.4439,99.13573
41.66251,100.8805,116.1686,61.62003,159.714,176.8489,159.7371,144.5789,98.48938
43.2342,99.08127,114.4631,62.17716,168.3168,198.6762,156.9962,142.7403,97.50691
44.89377,97.83345,112.9843,63.25122,174.2553,222.2008,154.0418,140.1536,96.48468
46.91675,96.79095,112.2371,65.28829,176.995,245.0975,151.0477,137.0711,95.11147
48.89026,96.18028,111.9385,68.32377,176.5085,264.9529,148.4762,134.0455,93.61839
51.3625,96.30122,112.131,72.48247,173.1635,279.7983,146.6878,131.4801,92.01442
55.00621,96.92973,112.7345,77.90515,167.8857,287.3118,145.3931,129.2226,90.01703
60.78937,97.93203,113.5919,84.79922,161.3082,287.7675,144.3849,127.6636,87.91856
67.45579,99.23079,114.6461,92.92957,154.2453,281.2383,143.4379,126.4781,85.59181
76.93469,100.7112,115.6239,101.8127,148.0328,268.6491,142.3472,126.0826,83.59023
89.78162,102.128,116.5667,110.9086,142.9244,252.0348,141.0703,126.4273,81.8176
108.1065,103.2119,117.0626,119.0325,138.9279,234.1281,139.103,127.9991,80.09991
132.5022,104.124,117.3333,125.8451,136.3143,216.716,137.417,130.6553,78.73955
163.1454,104.6947,117.6463,130.4939,135.1033,201.5737,136.1604,135.0051,77.95256
200.3711,105.18,117.9947,132.6402,134.9975,189.5559,135.3022,142.1397,77.77657
243.9467,105.8898,118.6424,131.7962,135.6651,181.9666,135.037,151.7215,77.91216
291.2039,106.8739,119.6116,128.6857,136.7868,178.0755,135.3055,163.7031,78.31201
338.1341,107.8514,120.8679,123.5877,137.6985,178.3048,135.9584,177.0997,79.16803
378.441,109.0481,122.2854,117.3996,137.9439,180.8736,136.9553,191.3356,80.60292
410.5762,110.2812,123.7032,111.0668,137.408,184.5049,137.9307,204.997,82.81042
429.4778,111.3867,124.9346,104.9993,136.0089,187.9579,138.5058,215.9779,85.36378
434.5762,112.2302,126.2951,100.1728,134.1947,190.4353,138.7448,223.4257,88.86179
424.2587,112.905,127.9243,96.85413,132.4871,191.3362,138.5525,225.6749,93.51627
401.0224,113.1808,129.6858,95.19926,130.6949,190.0556,138.009,223.2554,99.2027
367.8916,113.4705,131.651,95.29169,129.4585,186.863,137.1544,216.6586,105.5211
328.8126,113.9102,133.908,96.28923,128.7858,182.5308,135.5819,206.3439,111.9197
286.2986,114.4245,136.2495,98.38425,128.4721,177.7777,133.8497,194.0821,118.0611
243.6584,115.0687,138.7525,100.6544,128.5808,173.9662,131.7701,181.2327,123.3552
203.4726,116.3151,141.2513,102.4017,128.6933,170.9673,129.346,169.7504,127.2446
168.3684,118.0865,143.613,103.5963,128.9617,168.9796,126.5748,160.4684,129.1781
138.6168,120.1423,145.9472,103.9645,129.0229,167.5331,123.4075,153.5439,129.1497
115.0981,122.2803,148.2051,103.9375,129.4676,166.354,120.1306,149.3535,127.6386
96.43207,124.5775,150.4159,103.3956,130.1818,165.1674,116.8788,147.5056,125.0443
83.11102,126.5,152.3422,102.9929,131.1219,163.2136,114.0883,147.8485,121.9108
73.37795,128.3255,153.9778,102.6777,132.3064,160.4384,111.685,149.5035,118.5191
66.56516,129.8387,155.5199,102.6622,133.8327,157.0822,109.9004,151.7602,115.4457
61.43027,130.9364,156.92,102.9539,135.2431,153.5747,109.3427,153.6882,113.0367
57.54845,131.7343,158.3293,103.3374,136.8219,150.3763,109.6828,155.0043,111.1424
54.54342,132.4465,159.5931,103.2815,138.407,147.7364,111.2501,155.3856,110.0905
52.24219,132.8838,160.8884,103.1669,139.6674,145.784,113.6843,155.0118,110.008
50.74192,133.118,162.2411,102.9253,140.364,144.5616,116.62,153.9973,111.1897
49.5243,133.1614,163.4534,102.2019,141.1434,143.7546,120.5853,152.5946,113.8317
48.23606,132.9846,164.826,101.5451,141.4031,143.3668,125.0694,151.4247,118.5438
47.05144,132.8305,166.2072,100.9851,141.6574,142.9794,129.4656,150.9149,126.0258
45.9033,132.467,167.5464,100.6635,141.1472,142.2281,133.938,150.9251,135.9222
44.80546,132.4206,168.7452,100.6797,140.4603,141.181,138.4137,151.3342,149.8869
43.8345,133.0669,169.917,100.93,139.0582,139.4442,142.3454,151.753,167.659
42.99827,134.02,171.0963,101.7589,137.3386,137.7476,145.8653,151.7936,187.8257
41.84529,135.7731,172.0528,102.8744,135.4215,135.7624,149.4863,151.4747,209.2703
41.15577,138.399,173.3191,104.3081,133.0176,133.7662,152.6779,150.8736,230.1526
40.62458,141.9746,175.1288,105.7166,130.5975,131.8006,155.4731,149.9485,247.4513
40.24195,146.2152,177.4661,106.728,128.5159,129.5713,158.358,148.7448,259.3945
40.09595,151.2383,180.8148,107.5294,126.913,127.287,160.8855,147.9002,264.513
40.08971,157.1143,185.2251,108.0719,126.154,124.6456,163.1866,147.5406,262.2556
40.16565,163.0786,190.5197,108.3637,125.8716,121.7908,166.3963,147.3369,253.16
40.27295,169.7699,196.2336,108.1461,126.7951,119.0473,169.5096,147.5817,239.7176
40.27584,176.9196,202.7733,107.6777,128.5996,116.6858,176.476,148.0126,223.8566
40.3533,184.1712,209.6662,106.9713,131.206,115.571,191.2872,148.1003,207.3673
39.90576,192.0152,217.3926,106.0401,134.3845,115.5324,218.9097,148.1988,192.5661
39.52253,200.1583,225.5302,105.0575,138.2643,117.396,267.3503,148.2634,181.013
39.328,207.647,233.3738,103.6716,142.6396,121.1044,335.4759,148.2573,173.1027
38.97767,214.7328,241.3374,102.2075,147.6676,126.5097,424.8209,148.3915,169.2631
38.9377,221.275,249.9174,100.9709,152.8745,133.3768,528.1219,149.0079,169.0078
38.84604,226.7002,259.2797,100.3401,158.2586,140.641,632.8667,149.9418,171.353
38.8927,231.3594,271.7609,100.2902,163.9275,148.4348,727.9303,150.8832,175.203
39.03972,236.6252,293.4603,100.93,169.5417,156.011,804.7659,151.5135,179.0408
39.08849,241.5919,331.8282,102.345,175.447,162.7801,861.8809,151.3892,182.0177
39.39025,248.8458,398.2455,104.7648,181.4731,168.5793,899.5284,149.9877,183.2029
39.43625,261.3192,497.024,107.8598,186.6526,173.2617,918.5655,147.2299,182.696
39.56673,284.6693,628.8663,111.5955,191.9388,176.2454,934.0833,143.4644,180.6992
39.79207,329.6232,780.2789,115.6546,196.8504,177.9501,946.8018,139.4229,177.904
40.00423,406.1344,938.2323,120.1525,202.2288,178.3823,957.8461,135.5858,175.2148
40.51925,513.6998,1087.029,124.9011,207.9632,177.6353,968.689,132.7228,172.7104
40.74812,647.671,1211.901,130.02,217.5271,175.9368,973.8111,131.3191,170.6922
41.04582,798.0268,1307.42,135.5035,230.6266,174.1129,964.8759,131.2597,169.0681
41.44083,949.8614,1377.689,141.2646,255.7937,173.0432,944.4561,132.7902,167.2887
41.66561,1091.258,1430.736,147.2524,302.8131,173.4417,913.6048,135.6986,164.9929
41.9361,1211.693,1481.567,153.2561,378.153,176.2043,866.3286,139.183,161.8863
42.04552,1308.857,1534.77,158.8677,481.3937,184.1204,807.2694,143.2602,158.5861
42.30717,1386.599,1591.942,164.7312,610.3217,205.5154,745.2338,148.216,154.9227
42.51877,1449.71,1641.714,170.537,747.7693,249.0253,678.8555,153.0642,151.7688
43.29195,1509.678,1678.962,176.9549,884.1761,323.2505,610.028,158.1283,149.6265
44.16927,1561.539,1693.747,183.3631,1006.115,428.4015,546.1334,163.0453,148.1729
44.80107,1601.805,1678.816,191.1159,1105.674,556.8082,486.8127,167.8364,147.7001
45.88068,1629.14,1633.68,200.6375,1176.581,693.758,429.6246,171.9963,147.973
47.22343,1635.457,1563.807,219.0298,1229.069,823.8182,379.8431,175.4836,148.2572
48.34975,1621.168,1471.046,258.4749,1272.466,934.377,336.1487,178.1652,148.5098
49.37782,1582.426,1361.436,335.2791,1309.938,1016.367,294.7462,179.9902,148.3931
50.39648,1522.66,1239.245,462.4715,1345.258,1069.71,260.8333,182.1916,148.2441
51.83561,1444.293,1109.091,635.215,1374.735,1103.16,231.8039,184.4072,147.8225
52.99356,1346.323,976.6434,833.3688,1387.032,1119.746,207.1666,187.4141,147.2726
54.57263,1240.709,848.0138,1041.387,1379.743,1134.523,187.1824,192.2849,146.5652
56.20294,1124.429,726.1841,1235.601,1345.936,1147.19,170.1242,200.809,145.625
58.65975,1000.45,615.6113,1404.795,1286.506,1153.783,156.584,214.865,144.1632
61.24603,880.3805,519.8507,1536.826,1202.981,1149.428,145.0805,240.1546,142.0633
64.48589,763.6356,440.1636,1641.012,1101.175,1127.098,134.5332,282.5602,138.8009
69.39481,656.0093,373.6392,1724.349,988.4374,1090.555,124.441,346.4983,135.0485
75.40455,560.2451,319.1774,1802.957,869.9908,1037.124,115.3015,433.3856,131.0727
82.90659,476.5161,274.8128,1880.058,752.2054,969.481,106.3216,534.6392,127.489
92.90875,405.5141,238.6678,1945.804,640.9468,891.3726,97.80885,640.7331,124.817
105.8389,346.5074,209.5331,1991.332,540.189,802.894,89.6239,741.3893,123.5969
124.8385,300.3439,184.9965,1996.37,451.9348,712.7147,81.96033,824.3561,124.2328
152.2131,263.1292,164.4417,1958.013,377.3728,623.0422,74.85107,888.25,127.2246
188.503,231.7946,147.4818,1885.136,317.7744,537.6909,68.56927,933.5361,132.0715
233.4973,207.7062,133.3069,1778.922,269.9872,459.4315,63.04473,967.2744,138.6717
286.0728,186.5205,120.4401,1649.933,231.4128,388.8781,58.49919,994.78,146.4287
339.0046,168.6097,109.7383,1501.853,201.1297,330.6217,54.44376,1021.401,154.9851
386.9084,153.1473,100.5353,1345.829,176.8255,280.8025,51.18551,1043.224,163.7054
424.165,137.8012,92.35245,1186.417,154.8401,240.0666,48.48104,1056.251,172.2265
445.8756,122.8899,85.47829,1031.328,137.3011,207.7657,46.19783,1053.238,180.5569
450.1462,109.5381,79.53426,887.0751,122.4224,181.7386,44.22538,1029.126,187.8644
438.2472,97.48785,74.38116,746.6353,110.0027,159.4697,42.58068,980.1189,194.2117
412.7982,87.2481,69.88233,624.1613,99.71822,141.999,41.08847,911.3765,198.956
377.4191,78.32168,66.1982,523.1306,91.20987,127.6976,39.8964,826.6573,202.3746
337.5124,70.59663,63.03091,439.8298,83.77658,115.1522,38.79146,731.3707,204.7779
295.9637,63.9862,60.40022,371.7763,77.86198,104.6373,37.85749,633.449,207.0406
253.5426,58.79799,58.25854,317.5734,72.849,95.257,36.90723,538.697,209.1181
215.4013,54.39803,56.31474,273.3836,68.79995,87.05926,36.14446,448.4542,212.0237
181.458,50.77991,54.7122,236.4492,65.3799,80.30142,35.46589,370.583,218.5865
152.4125,47.93092,53.40725,204.7381,62.40085,74.25982,34.83582,303.8443,233.9897
128.6558,45.56197,52.14627,177.8967,59.73243,69.34365,34.43192,250.5341,273.5045
109.6806,43.71387,51.24855,156.1669,57.46431,64.8763,34.14376,208.7137,352.1179
94.68867,42.13431,50.23083,138.0108,55.59616,61.14209,33.73622,176.5961,474.2534
83.35398,40.75943,49.41383,123.0404,53.67857,57.90269,33.45735,151.452,641.1583
74.50935,39.59683,48.6835,110.4398,51.66367,54.97329,33.17954,131.2981,837.778
67.80062,38.39046,48.08411,100.0436,50.07545,52.46283,32.85257,116.4159,1042.372
62.52628,37.36401,47.48722,91.47916,48.60397,50.2231,32.50049,104.036,1230.218
59.22767,36.40298,46.88118,83.7224,47.49775,48.09777,32.14339,93.13871,1393.907
56.75893,35.65096,46.36486,77.34786,46.65731,46.31322,31.89059,83.91412,1517.454
55.00687,34.97854,45.75945,71.93591,46.05026,44.62606,31.52696,75.8335,1602.208
53.52545,34.22527,45.19565,67.46506,45.55119,43.29003,31.3815,68.97755,1660.32
52.47616,33.63068,44.67649,63.92792,45.20631,42.09702,31.10598,62.94295,1702.906
51.44522,33.09063,44.20759,61.12583,45.00434,41.05573,30.80795,57.77067,1735.459
50.72421,32.47689,43.58983,58.63063,44.67099,40.28199,30.60121,53.37439,1758.403
49.92419,32.00352,43.11213,56.62822,44.29414,39.57272,30.43195,49.55966,1760.536
49.17576,31.42801,42.56881,54.89853,44.03131,39.01046,30.29648,46.27699,1735.636
48.30043,30.86937,42.16579,53.19334,43.62711,38.43153,30.19995,43.36367,1674.777
48.00196,30.46886,41.7971,51.79598,43.16117,37.96383,30.32897,40.8435,1589.257
47.61724,30.10693,41.43763,50.49983,42.78027,37.36949,30.64091,38.63977,1471.513
47.07895,29.81458,41.07245,49.34371,42.34621,36.99248,30.95015,36.64623,1330.395
46.92889,29.57753,40.90191,48.39246,42.08847,36.55883,31.59253,34.91814,1174.721
46.89749,29.39964,40.73778,47.52701,41.74936,36.11212,32.44926,33.17918,1014.419
46.92075,29.18787,40.65554,46.81937,41.54596,35.66549,33.47121,31.65852,858.2145
47.17645,29.00796,40.55108,46.18426,41.4876,35.36053,34.5321,30.23539,713.3401
47.48476,28.85086,40.65587,45.644,41.25382,34.94784,35.43692,28.92812,584.9517
47.87957,28.57074,40.6787,45.1643,41.22282,34.59689,36.07487,27.77534,478.4283
48.47378,28.29965,40.95276,44.65857,41.08347,34.19159,36.31365,26.66376,389.9554
49.55062,28.24244,41.54976,44.269,40.82839,33.79189,36.26418,25.60665,322.2118
50.41106,28.14508,42.27596,43.70439,40.71577,33.34061,35.73322,24.78693,269.0151
51.42236,28.40494,43.5591,43.28397,40.72126,33.15187,34.85294,24.05778,227.3347
52.67937,28.73798,44.93418,42.78559,40.84652,32.94661,33.85495,23.38273,195.3048
53.67337,29.30317,46.52734,42.24791,40.90652,32.76863,32.79956,22.77631,168.9679
54.70521,30.10436,48.05022,41.93914,40.95303,32.6685,31.73498,22.34599,146.5009
55.93967,30.99395,49.31921,41.51384,41.21122,32.50753,30.7879,22.04354,127.768
57.09141,31.95002,50.16939,41.16181,41.38527,32.36582,29.98948,21.85648,111.6128
58.44881,32.59568,50.20155,40.87923,42.04768,32.38784,29.32852,21.56488,98.06239
60.30965,33.05723,49.63406,40.60158,42.88786,32.57799,28.78212,21.26044,86.32774
62.52384,33.32277,48.66386,40.43627,43.96132,32.98863,28.40457,21.0122,76.35744
64.87007,33.31922,47.02457,40.27559,45.41137,33.62632,28.10656,20.73354,68.34752
67.41753,33,45.45801,40.22437,47.22485,34.52978,27.76085,20.41847,61.85361
69.9974,32.23536,43.71267,39.97428,49.09568,35.69783,27.4153,19.95043,56.7285
72.6283,31.27937,42.37883,39.96006,50.86228,37.00125,27.06839,19.55166,52.7404
74.83287,30.32695,41.36942,40.26001,52.1467,38.30557,26.81247,19.23298,49.64308
76.90598,29.34591,40.49757,40.63381,52.93138,39.24154,26.4889,18.96923,46.98475
78.17733,28.43078,40.00788,41.55643,52.90374,39.77577,26.25447,18.66475,44.72358
79.09708,27.48658,39.58979,42.91694,52.22552,39.89427,26.02823,18.31614,42.67861
79.85885,26.8222,39.31438,44.95541,50.95445,39.46291,25.76195,18.09348,40.88282
80.00867,26.2763,39.24535,47.90921,49.29725,38.54361,25.44798,18.05107,39.34985
80.23985,26.1072,39.04869,51.67543,47.5375,37.2554,25.16896,17.95208,38.05111
79.97934,25.8211,38.95493,55.5729,46.03714,35.86562,24.77198,17.9838,36.87594
80.12814,25.66627,38.92163,59.119,44.80425,34.66471,24.49175,17.86844,35.70365
80.21479,25.45478,39.00464,62.12869,43.98381,33.54675,24.31771,18.03489,34.60108
80.91386,25.3405,39.00066,63.81683,43.54275,32.6956,24.16793,18.20224,33.7063
81.86594,25.16353,38.79705,64.09839,43.33635,31.88683,23.9988,18.49126,32.81989
83.06207,24.8955,38.61634,62.79908,43.35132,31.4812,23.91727,18.77375,31.99701
85.35784,24.56446,38.44463,60.27558,43.52858,31.18973,23.89829,19.11438,31.16504
88.39478,24.20328,38.23602,57.1267,43.86767,30.9326,23.61426,19.56015,30.56533
92.76147,23.65525,38.2318,53.81128,44.11562,30.78251,23.35369,19.93345,29.87663
100.2734,23.29615,38.27446,50.88104,44.34313,30.69903,23.17122,20.05553,29.22011
111.2732,22.93776,38.36745,48.22467,44.5705,30.50736,22.96644,19.91817,28.60949
129.5123,22.58888,38.58636,46.40393,44.82094,30.36409,22.86105,19.37364,27.99566
159.4942,22.17789,38.9197,45.3292,45.17105,30.18699,22.65373,18.78596,27.23714
202.4525,21.98102,39.28362,44.83123,45.64115,29.90559,22.52672,17.99665,26.6757
258.2606,21.84636,39.59095,44.68869,46.13005,29.52252,22.46835,17.14102,26.21797
319.0791,21.6869,40.04473,44.5929,46.78167,29.30891,22.33742,16.20919,25.88995
380.6234,21.55311,40.43977,44.70476,47.47071,28.89169,22.24849,15.62247,25.4486
434.3946,21.46228,40.83075,44.78968,48.14515,28.57138,22.00586,15.28659,25.07533
474.1948,21.31548,41.30672,44.72964,48.66567,28.33333,21.91306,14.97185,24.53343
496.6637,21.17265,41.80865,44.68354,49.34405,28.13251,21.78831,14.75092,24.13076
499.2065,21.14454,42.29045,44.46949,49.99983,27.87078,21.63534,14.48916,23.78542
485.083,21.13253,42.8353,44.45667,50.62374,27.76065,21.56689,14.18737,23.42619
460.3896,21.1314,43.49902,44.42466,51.3931,27.6726,21.4884,13.97161,22.97644
427.2648,21.20125,44.22161,44.50175,52.04464,27.45905,21.53005,13.67781,22.63261
391.7967,21.12788,44.87899,44.5358,52.70491,27.36108,21.49907,13.27293,22.54758
351.8622,21.0372,45.70031,44.58905,53.34295,27.21828,21.4147,12.87862,22.42836
313.5379,20.99165,46.42389,44.84922,53.94535,26.97472,21.42672,12.7321,22.28709
275.9799,20.88951,47.15194,45.16043,54.24026,26.79644,21.38169,12.53868,22.59737
241.4358,20.8063,47.81947,45.55824,54.41079,26.66161,21.29718,12.28132,23.26292
210.9331,20.66198,48.46767,46.23008,54.50396,26.66817,21.03779,12.03652,24.66159
184.3872,20.68318,49.24712,47.06782,54.46595,26.68284,20.85609,11.79471,26.4892
161.9705,20.77513,50.02226,47.96757,54.30002,26.75177,20.72996,11.50674,28.45049
143.8161,20.83908,50.80177,48.90444,53.92919,26.6772,20.81342,11.24134,30.59523
128.2083,20.88074,51.63318,49.85603,53.47082,26.64725,20.75175,10.93781,32.35182
116.2876,20.84356,52.40207,50.67995,52.90781,26.73519,20.5528,10.83794,33.42891
106.7961,20.92452,53.36887,51.50704,52.32151,26.69231,20.41477,10.76932,33.27165
100.4204,20.95417,54.48649,52.40157,51.91413,26.65764,20.44443,10.66162,32.13206
95.38192,20.98039,55.60324,53.26818,51.24183,26.67886,20.35293,10.52885,30.31955
93.35226,21.10803,56.77761,54.24192,50.50424,26.56529,20.35269,10.37908,28.06449
92.64267,21.14158,58.10765,55.06305,49.76198,26.51299,20.15094,10.20964,25.68136
94.22371,21.21073,59.38483,55.89843,49.19606,26.42215,20.15396,10.15676,23.63059
96.90433,21.2292,60.63115,56.54104,48.53154,26.35249,20.13142,10.10861,21.89638
102.3827,21.17439,61.82464,57.13534,47.77153,26.25011,20.27153,9.845935,20.75727
110.2861,21.09162,62.95306,57.57459,47.00358,26.25797,20.21297,9.743564,19.93246
122.4735,20.85803,64.22961,57.85772,45.98512,26.3249,20.02322,9.754621,19.21968
141.3798,20.57144,65.63124,58.1445,45.02311,26.37752,19.89253,9.702266,18.55983
170.7986,20.2081,67.1237,58.41777,44.24889,26.43351,19.90095,9.60143,18.01246
210.9362,19.86022,68.6115,58.75962,43.22168,26.57168,19.81693,9.543595,17.49601
259.3776,19.43517,69.949,59.09396,42.08844,26.62156,19.76092,9.505015,16.95692
308.4174,18.99648,71.27076,59.30281,41.12795,26.78125,19.54641,9.487287,16.21685
355.5263,18.57967,72.17551,59.71048,40.17082,26.95998,19.3906,9.58595,15.77271
393.5872,18.03246,72.7006,59.88626,39.07675,27.05181,19.30503,9.528426,15.30569
419.0917,17.52375,72.85257,60.13894,37.8945,27.1066,19.12111,9.408938,14.80209
428.2565,16.93755,72.68248,60.37371,36.68443,27.23851,19.0204,9.302958,14.51333
422.171,16.13424,72.021,60.46961,35.54557,27.32852,18.81609,9.130128,14.07116
403.9083,15.33265,70.90672,60.44703,34.49145,27.24442,18.63934,8.953254,13.72217
378.5743,14.50216,69.38085,60.3218,33.51583,27.39698,18.58131,8.819306,13.40163
349.6916,13.68521,67.40487,60.07375,32.30177,27.56002,18.59291,8.67166,13.09898
318.0304,12.99056,65.04486,59.92437,31.13993,27.79675,18.66378,8.658565,12.71572
283.594,12.3341,62.18227,59.97116,29.80219,27.88962,18.69865,8.660144,12.31892
251.2514,11.72888,58.80453,60.19156,28.41013,27.98537,18.67168,8.664699,11.94385
219.5008,11.16875,54.9128,60.28743,26.89566,28.02633,18.79483,8.669553,11.60059
189.4948,10.73757,50.89718,60.68495,25.37316,28.06196,18.78502,8.8926,11.28184
161.8502,10.12226,46.83922,60.83898,23.89291,28.03713,18.79968,8.862981,11.16472
137.637,9.622632,42.34155,60.90379,22.53083,27.91225,18.61276,8.712638,10.9117
116.0849,9.083964,38.24533,60.51418,21.25058,27.8393,18.45984,8.577916,10.82014
97.27939,8.617864,34.36442,59.46881,20.08746,27.95072,18.35065,8.505645,10.65751
82.55047,8.304154,31.01667,57.94336,19.05788,28.05647,18.34205,8.297286,10.46626
70.45276,8.058333,28.0159,56.09022,18.04625,28.04396,18.35022,8.221969,10.27511
60.37433,7.786237,25.28486,54.01806,17.04886,27.94032,18.24517,8.164189,10.10573
52.84796,7.622783,22.921,51.61116,16.20015,27.90159,18.08716,8.024507,9.727856
46.54646,7.489438,20.94012,49.0556,15.35674,27.93985,18.15348,8.061826,9.44083
41.43076,7.352427,19.34411,46.56824,14.60876,27.94219,18.18067,8.137021,9.194902
37.51205,7.16008,17.92751,44.00506,13.79885,28.03642,18.20101,8.034146,9.031303
34.6571,7.10753,16.57468,41.5717,13.09987,28.26127,18.11893,7.881944,8.867517
32.13435,6.934391,15.5685,38.98778,12.60629,28.51788,18.16113,7.887498,8.777925
30.0269,6.818076,14.57058,36.39537,12.12714,28.66012,18.17666,7.847392,8.745804
28.46075,6.678241,13.77511,33.90823,11.66603,28.99482,18.14981,7.720946,8.710318
26.90372,6.506962,13.03241,31.58317,11.15549,29.01352,18.05264,7.777146,8.740362
25.56643,6.441628,12.52941,29.46318,10.77337,29.12781,17.90676,7.843867,8.690327
24.37341,6.326917,12.12117,27.42296,10.29452,29.13628,17.65893,7.75163,8.540205
23.58046,6.25351,11.78992,25.59948,9.952067,29.21618,17.6019,7.798265,8.389269
22.75212,6.219629,11.43787,24.0716,9.641498,29.29171,17.50035,7.860824,8.275629
22.14318,6.102479,11.10855,22.74086,9.343915,29.59936,17.31205,7.762324,8.305567
21.61739,5.999682,10.82547,21.48965,9.112279,29.91057,17.12341,7.7389,8.296089
20.96795,5.88374,10.42906,20.38655,8.956601,30.17862,17.14674,7.67158,8.227795
20.34533,5.853379,10.03638,19.47537,8.625924,30.50294,17.03519,7.509004,8.29154
19.55369,5.829822,9.663648,18.6529,8.305942,30.88412,16.92493,7.417966,8.290422
18.72646,5.890874,9.36667,18.10455,8.13614,31.04778,16.76581,7.47543,8.241802
18.06227,5.873321,9.286452,17.51261,7.984962,31.39659,16.61938,7.472621,7.993174
17.34932,5.805271,9.19588,17.09323,7.767636,31.71585,16.39416,7.455184,7.743975
16.862,5.882699,8.984612,16.7263,7.709401,32.06448,16.26741,7.543324,7.578058
16.39036,5.861609,8.731894,16.45288,7.510289,32.39301,16.11296,7.704757,7.500683
15.86924,5.748792,8.626891,16.12001,7.228688,32.67744,15.77355,7.749454,7.640911
15.43531,5.624788,8.48947,15.69059,6.945289,32.97433,15.58966,7.892234,7.465656
15.2607,5.50972,8.249951,15.32753,6.606572,33.32828,15.46991,7.893064,7.300997
15.06444,5.467269,8.218444,15.10917,6.253333,33.79072,15.21235,7.776666,7.095165
14.83599,5.530411,8.079362,14.86784,6.088247,34.1563,14.97637,7.787627,6.973658
14.61701,5.569374,7.89494,14.79472,5.950172,34.46805,14.56653,7.88495,6.743559
14.32147,5.558883,7.752149,14.54787,5.874224,34.90451,14.18252,7.814446,6.4779
13.9205,5.548685,7.610818,14.49035,5.748699,35.32084,13.81957,7.692193,6.294018
13.43469,5.589506,7.442395,14.36644,5.64813,35.74117,13.39333,7.511561,6.193108
13.04265,5.60316,7.31209,14.24241,5.406857,36.15468,13.03856,7.390414,6.128744
12.63771,5.607141,7.266979,14.03102,5.216903,36.49133,12.67697,7.230838,6.129217
12.33934,5.619742,7.222645,13.76475,4.957167,37.07317,12.45903,7.007934,5.865826
12.20116,5.353257,7.188862,13.59387,4.777032,37.66582,12.12775,6.768882,5.82674
11.92788,5.12408,7.237247,13.54933,4.569856,38.47049,11.80958,6.494418,5.681953
11.69658,5.090144,7.076592,13.36221,4.526753,39.36187,11.55146,6.539077,5.53635
11.36579,5.038445,6.872561,13.31242,4.48869,40.1914,11.27046,6.67595,5.432953
10.9402,5.153345,6.63947,13.14207,4.564775,41.14943,11.13052,6.781611,5.413578
10.75631,5.036528,6.660997,13.09324,4.609658,41.99852,10.88714,6.9292,5.420595
10.48614,5.01909,6.569372,13.01371,4.575742,42.94385,10.61104,7.016915,5.322302
10.28107,5.069873,6.471457,12.903,4.452403,43.83302,10.33803,7.018952,5.255302
10.23685,5.077428,6.427227,12.69448,4.449039,44.63358,10.06051,6.847819,5.225246
10.16339,5.062024,6.385828,12.4587,4.267416,45.52064,9.730783,6.605664,5.124125
9.926272,4.745015,6.394153,12.17849,4.087507,46.33953,9.318312,6.467711,5.133356
9.68505,4.551906,6.349541,11.99044,3.811623,47.32695,8.79884,6.288405,5.0854
9.49529,4.498008,6.225149,11.86368,3.746052,48.24884,8.378668,6.221915,4.926853
9.363746,4.402125,6.152088,11.66075,3.714444,49.31784,7.932072,6.164073,4.795698
9.389474,4.376986,6.122325,11.36533,3.770861,50.41679,7.427153,6.190509,4.714659
9.438195,4.177483,6.132657,11.17654,3.883547,51.47891,6.954435,6.199666,4.669121
9.400531,4.06951,6.027497,11.09566,3.777928,52.75346,6.555176,6.087031,4.630693
9.311664,4.046689,5.972152,10.86635,3.680116,53.92421,6.105812,5.955216,4.623875
9.360101,4.130236,5.88562,10.65732,3.552346,55.12967,5.723383,5.797378,4.627604
9.367885,4.271403,5.803868,10.45622,3.444925,56.35143,5.400843,5.794084,4.628517
9.111299,4.424094,5.761391,10.20482,3.242842,57.45866,5.092422,5.860459,4.631832
8.719924,4.629501,5.689976,10.14214,3.083486,58.66857,4.762396,5.92545,4.608763
8.522365,4.809286,5.638626,9.946986,3.040154,59.6765,4.583084,5.94424,4.488911
8.265935,4.825287,5.690474,9.533351,3.043131,60.80718,4.311058,5.932641,4.262629
8.196654,4.786648,5.666605,9.136825,3.062828,61.70552,4.039972,5.982301,4.166477
8.012654,4.588077,5.651268,8.760976,3.135387,62.4689,3.877584,5.858281,4.123417
7.826961,4.328787,5.787318,8.48581,3.04362,63.02052,3.682323,5.61637,4.217138
7.440206,4.104958,5.866095,8.121541,2.939544,63.18481,3.529029,5.435678,4.134094
7.225717,4.068512,5.790354,7.890489,2.781386,62.9577,3.342359,5.245103,4.079752
7.17373,4.00973,5.729245,7.726268,2.78803,62.36659,3.168317,5.142974,3.944006
6.929011,4.108684,5.650013,7.633977,2.654549,61.3526,2.992712,5.002957,3.812811
6.670002,4.154349,5.505773,7.544469,2.656003,59.91475,2.871589,5.021293,3.590469
6.534923,4.253251,5.37558,7.305083,2.674842,58.01618,2.721792,4.95679,3.374744
6.438015,4.269589,5.251237,7.110631,2.723944,55.79192,2.554423,4.976766,3.196371
6.533257,4.242079,5.046813,6.858953,2.691078,53.18424,2.451298,5.021426,3.041994
6.545789,4.148905,5.006315,6.575397,2.680499,50.20287,2.284126,5.044135,2.974693
6.555316,4.046523,5.001385,6.411983,2.69722,46.9354,2.229666,4.97919,2.947325
6.438367,4.008831,5.029221,6.136631,2.665018,43.51795,2.123582,4.982772,2.814487
6.381869,4.036178,4.983959,5.938933,2.537721,39.95112,1.958888,4.904696,2.810255
6.320765,3.950634,5.079031,5.768657,2.50427,36.44503,1.862841,4.794827,2.782967
6.14119,3.980519,5.128702,5.548749,2.355842,32.97153,1.880597,4.59361,2.80661
5.945993,3.911836,5.151881,5.381017,2.273336,29.53348,1.737694,4.580087,2.747154
5.762953,4.068026,5.155044,5.255006,2.253505,26.37381,1.552601,4.481957,2.707396
5.588173,4.025041,5.118564,5.03436,2.129339,23.45569,1.512663,4.498757,2.666521
5.522785,4.00491,5.02245,4.858561,2.016623,20.72228,1.471103,4.455277,2.490438
5.494606,4.047252,4.938283,4.82081,2.00355,18.22146,1.435112,4.598407,2.421864
5.46798,3.934072,4.835888,4.757771,2.038916,16.02141,1.541998,4.712663,2.206997
5.308587,3.914487,4.822721,4.592392,1.964836,14.15483,1.506183,4.760423,2.12793
5.249495,3.850556,4.790792,4.556658,1.928185,12.65329,1.433194,4.74541,2.146961
5.238706,3.635393,4.885444,4.335688,2.00777,11.28463,1.387045,4.684794,2.11241
5.190334,3.529107,4.788261,4.155403,2.004359,10.14415,1.405494,4.550155,2.111349
5.051305,3.411069,4.770828,4.151125,2.025479,9.289901,1.201772,4.568639,2.103033
4.876223,3.407994,4.755737,4.118341,2.076794,8.561187,1.06279,4.668712,2.101521
4.631876,3.252864,4.743686,3.968416,1.922422,7.882884,1.085474,4.832461,2.088152
4.561522,3.279171,4.679527,3.993957,1.842505,7.205941,0.9896755,4.969272,2.048054
4.465994,3.342074,4.626613,3.966908,1.779311,6.507997,0.9930353,5.226117,2.045654
4.224935,3.315425,4.536713,3.691104,1.662512,5.965669,1.072256,5.278922,1.953411
4.138312,3.301403,4.440233,3.547729,1.555452,5.484118,1.13221,5.309478,2.038877
4.119016,3.229458,4.368934,3.494017,1.53427,5.11053,1.11062,5.293241,2.017008
4.15511,3.130875,4.349741,3.344192,1.505898,4.662072,0.9992609,5.29181,1.971046
4.014673,3.081565,4.280684,3.355388,1.526172,4.353303,0.9333429,5.176341,1.960901
3.865959,2.988999,4.331004,3.471873,1.618464,4.185119,0.8283415,5.138669,1.79805
3.694413,2.939985,4.414001,3.57506,1.552115,3.942157,0.8803244,5.129994,1.691069
3.649324,2.936913,4.475343,3.567862,1.472316,3.66483,1.028536,5.043275,1.538906
3.608536,2.995604,4.514204,3.580605,1.422257,3.498776,1.062605,5.004365,1.424469
3.568916,3.045014,4.555657,3.389198,1.381349,3.294686,1.128121,4.957566,1.370905
3.633841,3.070955,4.470269,3.144521,1.456742,3.2576,1.212526,4.849051,1.37011
3.723514,2.966456,4.368084,3.12521,1.507787,3.207458,1.286911,4.887202,1.431044
3.584785,2.78816,4.358255,3.012497,1.555869,3.13466,1.316848,4.816072,1.452179
3.514358,2.698777,4.308425,2.90569,1.606497,3.102441,1.279896,4.806001,1.5744
3.163714,2.542165,4.232986,2.766427,1.712831,3.08727,1.227837,4.629508,1.682728
2.882694,2.456877,4.24326,2.721037,1.848707,2.977149,1.102069,4.641763,1.694717
2.646958,2.403601,4.22561,2.626281,1.790689,2.817876,1.120827,4.611587,1.667547
2.617253,2.507372,4.204365,2.50869,1.807897,2.685976,1.104815,4.700305,1.462492
2.573172,2.639378,4.219285,2.557265,1.780199,2.552261,1.064373,4.941796,1.312437
2.59084,2.780518,4.179806,2.542621,1.707206,2.350723,0.9388399,5.107158,1.187895
2.863736,2.901536,4.151109,2.568137,1.535607,2.293307,0.9472618,5.288434,1.056057
3.039529,3.04479,4.160956,2.557331,1.46207,2.162406,0.9631739,5.3711,0.9703331
3.121466,2.989792,4.222816,2.510051,1.341574,2.084188,0.9368916,5.338464,0.9717693
3.130886,2.901786,4.055487,2.490393,1.268136,1.961088,0.9062061,5.254216,1.024511
3.064619,2.703178,4.048233,2.421999,1.390021,1.912961,0.8821716,5.191096,1.237976
2.924486,2.535527,4.087433,2.339584,1.458288,1.734433,0.7704849,5.130931,1.338873
2.7396,2.371158,4.055549,2.285353,1.579705,1.64554,0.7769957,5.156779,1.402676
2.625036,2.320441,3.982567,2.301291,1.742247,1.694407,0.6877508,5.397706,1.450279
2.475174,2.223792,3.874025,2.415627,1.794656,1.717934,0.6148119,5.627873,1.478106
2.33345,2.181347,3.689965,2.440466,1.816081,1.659517,0.5454216,5.716182,1.458178
2.187563,2.131652,3.60538,2.390198,1.662139,1.727478,0.6020222,5.627131,1.470253
2.065569,2.219845,3.394464,2.241251,1.600316,1.746502,0.5164833,5.471927,1.511814
1.999933,2.180739,3.21456,2.243334,1.400692,1.816807,0.3717146,5.358186,1.545971
2.030875,2.154915,3.09841,2.266886,1.219748,1.900192,0.2606287,5.168437,1.533852
1.963203,2.107198,3.171045,2.234187,1.144568,2.042307,0.134058,5.041318,1.588947
1.873152,2.140287,3.311245,2.246852,1.08058,2.013976,0.1321096,4.790008,1.455704
1.838674,2.183539,3.329042,2.196943,1.144705,1.998315,0.103651,4.755139,1.426952
1.825872,2.158013,3.3401,2.12777,1.225226,2.104446,0,4.718358,1.368134
1.817186,2.092901,3.428322,2.19332,1.25539,2.102498,0.01008701,4.549436,1.289055
1.836123,2.047668,3.480468,2.29138,1.345037,2.040239,0.1475191,4.368281,1.170643
1.793012,1.925636,3.565145,2.342672,1.327107,1.99198,0.2877712,4.202397,1.199446
1.7825,1.872726,3.492166,2.313206,1.34283,1.878798,0.3689795,4.025645,1.212334
1.9249,1.832432,3.371855,2.385258,1.251146,1.787388,0.5104494,4.062867,1.280624
1.99916,1.764653,3.356915,2.426712,1.19588,1.81876,0.6490908,4.139483,1.448412
1.891687,1.754067,3.221189,2.45129,1.102986,1.692819,0.6894493,4.232963,1.508284
1.915131,1.734132,3.133008,2.516869,1.134805,1.535387,0.8476229,4.276042,1.603153
1.946418,1.679974,2.925228,2.456354,1.243658,1.482596,0.8215523,4.351192,1.801695
1.912895,1.671546,2.929104,2.422075,1.328595,1.506639,0.7627125,4.32661,1.907515
1.767415,1.687825,3.026793,2.45489,1.407307,1.478169,0.8474207,4.24956,1.904055
1.615232,1.672256,3.068904,2.532453,1.535709,1.543561,0.8623066,4.211755,1.774834
1.468264,1.636604,3.232871,2.540089,1.575146,1.56649,0.8714113,4.197288,1.615589
1.344907,1.588648,3.346988,2.564544,1.529693,1.547155,0.8636885,4.027339,1.367821
1.179396,1.553985,3.30243,2.543514,1.513842,1.574996,0.8171616,3.924367,1.263498
0.9495754,1.539983,3.333228,2.397839,1.595615,1.559779,0.8401337,3.794087,1.257641
0.7550297,1.572183,3.310113,2.367812,1.574014,1.474456,0.8154783,3.642406,1.197762
0.6816721,1.482219,3.340371,2.214844,1.648003,1.480564,0.941205,3.546107,1.428885
0.6357079,1.547038,3.268426,2.149285,1.703422,1.553445,0.9885321,3.460887,1.636486
0.4503126,1.676566,3.257592,2.084498,1.693957,1.661802,1.073631,3.380092,1.813055
0.3876772,1.756682,3.290491,1.951719,1.725721,1.751504,1.164333,3.465192,1.863964
0.4675207,1.656824,3.247387,1.953334,1.798573,1.824161,1.154402,3.518781,1.765549
0.4860306,1.555711,3.233151,1.910804,1.682538,1.993203,1.132831,3.644618,1.737411
0.439743,1.410325,3.087657,2.053518,1.636025,2.083911,1.037136,3.656653,1.660648
0.3697405,1.303266,2.819205,2.086143,1.700664,2.161104,0.8488588,3.661216,1.592287
0.323391,1.202845,2.662147,2.120883,1.749188,2.217413,0.8396654,3.655028,1.598616
0.3896036,1.161182,2.442188,2.24168,1.728781,2.27766,0.9054022,3.664725,1.611368
0.5059566,1.056993,2.256433,2.164156,1.638884,2.329634,1.018956,3.77254,1.86669
0.4813251,1.172294,2.022576,2.114398,1.458797,2.373214,1.136456,3.793542,1.982182
0.4162445,1.171777,1.867336,2.006865,1.267349,2.382238,1.31211,3.870376,2.1469
0.5166035,1.143909,1.897608,1.92622,1.258952,2.412878,1.489537,4.066205,2.206985
0.5475368,1.055321,1.971614,1.950433,1.236098,2.381512,1.56093,4.131438,2.131453
0.434536,1.008503,2.134182,1.954275,1.117264,2.397688,1.663246,4.143064,2.165319
0.3445463,0.9192657,2.244092,2.038081,1.178839,2.361755,1.558978,4.107745,2.125771
0.2284632,0.8446579,2.314144,2.15496,1.248126,2.242399,1.467665,4.098329,2.116724
0.1239691,0.7434673,2.342417,2.319027,1.317761,2.104024,1.492176,3.892943,2.155956
0.05033875,0.7019463,2.1706,2.467384,1.237639,1.96692,1.442737,3.796004,2.107399
0,0.6320906,2.0058,2.523665,1.10428,1.898787,1.347509,3.798356,2.156368
0.02062321,0.6098652,1.838435,2.574533,1.024392,1.735751,1.323213,3.799926,2.066645
0,0.6149836,1.647433,2.541237,1.059278,1.587145,1.119319,3.884856,2.196894
0.06807852,0.7321329,1.505599,2.499153,1.38369,1.640173,0.9953623,3.973086,2.297367
0.017869,0.875762,1.528419,2.422029,1.550512,1.727446,0.9408712,4.08101,2.294193
0.06506681,0.9369183,1.63098,2.205284,1.671402,1.848586,0.8983202,4.159841,2.446194
0.05646276,0.9299755,1.639918,2.091249,1.79495,1.908526,0.7235136,4.278331,2.563158
0,1.021076,1.766038,1.948014,1.940715,1.846552,0.7576456,4.397162,2.723242
0,1.010454,1.830206,1.763591,1.935475,1.718301,0.8431721,4.37033,2.877783
0,0.8860569,1.70968,1.826295,1.725432,1.616715,0.8758965,4.379392,2.906031
0.09297991,0.8060303,1.606989,2.000076,1.604657,1.511677,0.8546839,4.227901,2.933565
0.08575058,0.7119246,1.499056,2.207721,1.525823,1.168346,0.9173794,3.935279,2.822357
0.09558344,0.7140265,1.454574,2.32338,1.632535,1.003254,0.9144678,3.566113,2.791744
0.292304,0.742135,1.372284,2.333562,1.793334,0.9996471,1.045741,3.136027,2.714418
0.261899,0.806881,1.404085,2.350722,1.935487,1.057778,1.129713,2.855418,2.573074
0.34232,0.8271818,1.414574,2.439384,2.111835,1.127769,1.109432,2.745423,2.612135
0.1876287,0.8616428,1.449817,2.547367,2.289002,1.204541,1.039527,2.732223,2.607723
0.013515,0.8784189,1.630537,2.486352,2.382054,1.19941,1.035407,2.892758,2.613735
0,0.8407269,1.750322,2.414454,2.250384,1.177211,0.9962215,3.054141,2.723423
0.006629467,0.7378492,1.727173,2.458789,2.061048,1.167031,0.9177256,3.17143,2.767157
0,0.740612,1.725308,2.449758,1.854155,1.087029,0.7151785,3.205722,2.72393
0,0.7328005,1.665072,2.342712,1.621406,0.8378887,0.7812157,3.094579,2.571074
0.1435337,0.6825485,1.724388,2.226563,1.415048,0.7158413,0.9045382,2.935866,2.41839
0.2025676,0.6080875,1.641435,2.0915,1.218127,0.7129097,0.9622364,2.687842,2.354845
0.1801243,0.557025,1.584779,2.224216,1.156957,0.607625,1.002213,2.418366,2.266956
0.1113133,0.5482035,1.478135,2.470566,1.162039,0.5787973,1.031795,2.252744,2.208078
0.0226512,0.5226812,1.514966,2.589947,1.145244,0.6172237,0.8855648,2.145441,2.196711
0.05610228,0.4860859,1.509486,2.65017,1.103261,0.6139774,0.7368975,2.045899,2.115362
0.02582645,0.4931393,1.60402,2.769217,1.045331,0.7364588,0.6459723,1.900891,2.231831
0,0.4063807,1.529461,2.707232,1.051593,0.9370747,0.5464354,1.872708,2.241735
0,0.3205395,1.364763,2.602512,1.031396,1.018895,0.4509058,1.950289,2.301857
0,0.3061571,1.356785,2.381685,1.082321,1.123711,0.5383644,2.080735,2.35375
0.09205103,0.2082844,1.381941,2.172318,1.06793,1.272007,0.671155,2.257483,2.425007
0.1314468,0.05581284,1.360794,1.980923,1.137782,1.529653,0.7486696,2.477448,2.507902
0.2690439,0,1.34024,2.018157,1.14151,1.683541,0.9470396,2.664414,2.461153
0.2967463,0.08092117,1.255392,2.020213,1.163188,1.904757,0.8811989,2.840171,2.35733
0.3786311,0.148488,1.339314,1.961616,1.00299,1.973167,0.7182503,2.939345,2.324781
0.5295024,0.3047285,1.262874,1.944692,0.8121548,2.037354,0.6180201,2.861901,2.261705
0.49472,0.417243,1.205434,2.071042,0.7068996,2.025828,0.5780191,2.827998,2.269138
0.4089923,0.4899874,1.024853,2.036498,0.7088575,1.98387,0.4599953,2.781817,2.163216
0.4777865,0.5023537,0.7808895,1.933027,0.7872753,1.849118,0.4206524,2.816556,2.246819
0.3568201,0.6004639,0.7606449,1.917153,0.9163542,1.632913,0.5441189,2.849734,2.258137
0.3574138,0.5790386,0.7407913,1.964024,1.055314,1.458241,0.6291142,2.840121,2.119965
0.34062,0.6082897,0.7375622,1.96773,1.212023,1.246453,0.6698914,2.875199,1.906376
0.3358574,0.5633516,0.7492542,2.059133,1.241158,1.095884,0.822279,2.821237,1.699514
0.1729608,0.5205173,0.7690744,2.120628,1.262401,0.9198341,0.695035,2.709407,1.496937
0.147727,0.5161667,0.8619146,1.955297,1.14318,0.7879429,0.6616888,2.438043,1.402359
0.179019,0.5305738,0.7503252,1.807923,1.055649,0.9340038,0.6578779,2.036455,1.41852
0.1588535,0.5057478,0.625535,1.708871,1.12847,1.087292,0.6205826,1.874932,1.573305
0.007524014,0.4566936,0.4720449,1.416537,1.223486,1.254827,0.5884943,1.640328,1.710745
0.06429148,0.3246107,0.1833954,1.253977,1.373824,1.442795,0.577322,1.629843,1.88868
0,0.3482742,0.065835,1.316558,1.404949,1.461016,0.6307344,1.673847,2.075924
0.09177399,0.3331881,0.01998806,1.421422,1.344685,1.528974,0.5956869,1.724292,2.010473
0.0987606,0.4294939,0,1.418946,1.261285,1.279815,0.5104036,1.810226,1.958656
0.02074575,0.3936615,0.07318687,1.452507,1.098275,1.06815,0.4949036,1.880163,1.853916
0,0.3691235,0.1663132,1.523518,0.8134899,0.8662148,0.3910818,1.908308,1.770435
0.09104633,0.3702354,0.3602047,1.600258,0.5568466,0.7640572,0.2928371,1.804118,1.711683
0.1603823,0.3147116,0.5053492,1.698247,0.4178944,0.7852221,0.311202,1.599616,1.726828
0.2335615,0.2192402,0.7397385,1.712104,0.3497162,0.7805014,0.2303476,1.520285,1.859659
0.06519175,0.1174641,0.8529139,1.559951,0.2717209,0.7668285,0.2698898,1.382841,1.786667
0,0.01939678,0.8476181,1.60217,0.2772141,0.8793888,0.2120714,1.34109,1.636196
0,0.01152611,0.8202839,1.534581,0.2742834,0.767355,0.1639318,1.417348,1.707893
0,0.003765106,0.7582874,1.396587,0.3092709,0.7560844,0.190424,1.478602,1.622984
0,0.002951622,0.6747808,1.244536,0.3912621,0.5423346,0.1739035,1.476336,1.603685
0,0.09560966,0.5659037,1.096916,0.550087,0.479681,0.19765,1.438236,1.541664
0.1048288,0.07866955,0.36444,1.132215,0.6134214,0.4757538,0.263031,1.377718,1.533762
0.1946735,0.1411438,0.2122345,1.245132,0.7274694,0.4668007,0.2618971,1.277098,1.478762
0.3086977,0.1703968,0.1177559,1.356863,0.9210939,0.4289827,0.3775635,1.253923,1.490944
0.3913779,0.1986856,0.1814966,1.404897,1.048778,0.4749861,0.4065924,1.245305,1.606661
0.3043423,0.2717533,0.1960497,1.49743,0.9552603,0.4693413,0.3682146,1.204918,1.653084
0.37289,0.2915096,0.1977978,1.557453,0.9165554,0.5526667,0.2921858,1.18905,1.775602
0.2512898,0.2141829,0.2922573,1.594246,0.79811,0.4293661,0.19137,1.298356,2.023506
0.1654816,0.1922655,0.3974485,1.59852,0.5880756,0.4485874,0.03352642,1.408275,2.06868
0.1427932,0.09220791,0.5653181,1.624077,0.3099489,0.3264303,0,1.451039,2.069548
0.0832057,0.157361,0.696413,1.480504,0.1951885,0.3094254,0,1.37097,1.998892
0,0.1451387,0.7509212,1.311044,0.07053375,0.3775358,0,1.232836,1.771431
0,0.1823473,0.7234306,1.05296,0.04068565,0.453661,0.07440948,1.092402,1.69656
0,0.1703568,0.6844969,0.8765717,0.08369064,0.4055367,0.2182541,1.038798,1.557192
0,0.2538528,0.6140556,0.7870998,0.1842175,0.4599028,0.4066782,1.065398,1.53808
0,0.3263187,0.4187908,0.8214693,0.1123829,0.3901815,0.4536591,1.03341,1.480261
0.09038401,0.2770519,0.3859472,0.993783,0.1216307,0.4101954,0.4983578,1.165298,1.517511
0.01836443,0.2349005,0.3834553,1.204198,0.02053165,0.3390093,0.3809481,1.273915,1.508169
0.1315432,0.1215115,0.3592854,1.335839,0,0.2573242,0.2315502,1.416843,1.501547
0.1726341,0,0.3834,1.444068,0.02639294,0.1484413,0.1806221,1.323247,1.388229
0.2067938,0,0.393198,1.360518,0.08102512,0.2096453,0.1001616,1.173356,1.254625
0.1392446,0,0.4084969,1.380033,0.1922836,0.2601318,0.171833,1.159459,1.156361
0.07437706,0,0.4234591,1.193612,0.3137465,0.2356071,0.2747841,1.181738,1.183292
0.194366,0,0.4425526,1.011994,0.3658056,0.1992369,0.3686094,1.08644,1.028467
0.1250486,0.1167917,0.3428135,0.8858595,0.419898,0.288146,0.3398199,1.075897,0.9002972
0.1101828,0.2727842,0.1654892,0.8146992,0.4064035,0.2948599,0.24611,1.092583,0.7526836
0.1319652,0.426897,0.1986237,0.7911177,0.3609161,0.3062496,0.08091736,1.204677,0.630518
0.05555534,0.6196747,0.06662178,0.5993099,0.2508602,0.3576927,0,1.133511,0.6120777
0.005750179,0.6346397,0.05038071,0.3623905,0.2840128,0.3682785,0.05034924,1.082921,0.624115
0,0.6076832,0.04542065,0.08253574,0.2944202,0.3151894,0.06320477,0.9902086,0.6560612
0.1261139,0.5003853,0.01899719,0,0.3353777,0.3673477,0.03889942,0.9719515,0.7651424
0.2172995,0.4923143,0.03384399,0.1172218,0.425643,0.3583889,0.1836042,1.084218,0.88451
0.2973599,0.3273668,0.2140236,0.08551979,0.4726152,0.2234631,0.2706308,1.086413,0.833498
0.3302536,0.2426786,0.2759857,0.1403246,0.4288588,0.1180353,0.1987276,0.9000473,0.7196274
0.2756705,0.2757931,0.3477449,0.2593603,0.3780832,0.03002739,0.04101753,0.6655903,0.6403809
0.1657648,0.2696886,0.302453,0.417345,0.3853922,0,0,0.5404825,0.5742168
0,0.3114157,0.3306894,0.5117369,0.4361563,0.05963802,0,0.4201145,0.4151821
0,0.3447561,0.2610369,0.539484,0.3895969,0.1624861,0,0.2001343,0.4568558
0,0.365962,0.2364693,0.5151567,0.4471359,0.1785994,0,0.1121616,0.4007397
0,0.3161993,0.2239513,0.5145559,0.4582033,0.1509857,0,0.07766247,0.4834137
0.05043316,0.2337608,0.2805986,0.660265,0.405673,0.03479099,0,0,0.4965935
0.1483798,0.294342,0.3383913,0.7084188,0.3335495,0,0.08344364,0.08827114,0.5150089
0.2547216,0.2704849,0.4281416,0.6987839,0.2729387,0,0.2102823,0.1457844,0.46595
0.291894,0.2999229,0.4253769,0.6405077,0.1469612,0,0.3098183,0.1321964,0.4398746
0.3965745,0.3140564,0.5002661,0.6215343,0.0001554489,0,0.5356264,0.1111403,0.3842716
0.4153886,0.293972,0.3301725,0.6498909,0,0,0.6586142,0.2085524,0.3319054
0.456738,0.2931347,0.3279076,0.6712675,0.06088638,0,0.8157749,0.2502298,0.321558
0.6670008,0.2990122,0.14221,0.626729,0.1064873,0.08362103,0.9839296,0.2211523,0.4325085
0.6705513,0.1873331,0.03399372,0.5836878,0.2853403,0.1320686,1.08471,0.2480335,0.428978
0.6792159,0.07428646,0.001619339,0.5829124,0.3964767,0.2295113,0.9311609,0.2599268,0.5122147
0.5804296,0.01269436,0,0.6278744,0.414238,0.2880363,0.9012451,0.3404684,0.5350018
0.525362,0.077384,0,0.6357365,0.4683523,0.4126015,0.8563328,0.4989281,0.6121254
0.5910625,0.1022558,0.02048779,0.6323557,0.3997765,0.412179,0.7756672,0.5525446,0.7136612
0.6398182,0.116374,0.02442932,0.6503763,0.3479261,0.4702101,0.6754198,0.5634251,0.7696819
0.6327806,0.1266088,0.03226852,0.6861181,0.1218452,0.4307213,0.5868874,0.4902401,0.7029362
0.6581798,0.159503,0.003058434,0.7708654,0,0.3630753,0.4737225,0.3562088,0.6232948
0.6589808,0.2366781,0,0.8010073,0,0.2189903,0.4964552,0.1449785,0.6745548
0.6774168,0.3098688,0,0.8064728,0,0.2208576,0.4529219,0,0.6261101
0.5427151,0.2455683,0.1244078,0.7956324,0,0.09284973,0.3818436,0,0.5240078
0.4975266,0.209691,0.07451057,0.7085218,0,0.119277,0.2238531,0,0.2890358
0.42869,0.193409,0.05307484,0.7606039,0.005336761,0.1777668,0.1961441,0,0.09369278
0.336771,0.3215103,0.1165428,0.7719746,0,0,0.2498293,0.06805611,0
0.3369617,0.3947182,0.1127214,0.6423769,0,0,0.1468687,0.06041431,0.0428257
0.1899681,0.4344702,0.04099274,0.5164967,0.0645771,0.001981735,0.135251,0.1077538,0.07582474
0.1231194,0.4980373,0.05546856,0.5163603,0.1691275,0,0.0582962,0.09440041,0.1714268
0.2196927,0.5197201,0,0.5616922,0.1979609,0.03318214,0.1707878,0.05753422,0.2488308
0.3208256,0.5983648,0,0.6594963,0.2260313,0,0.318224,0.05577564,0.4094448
0.2842078,0.627286,0.03643322,0.6772795,0.2326927,0,0.3100538,0.08372116,0.5151215
0.2832747,0.6515455,0.156477,0.7111511,0.26472,0,0.3305264,0,0.529026
0.2630801,0.6984215,0.1464357,0.63587,0.3750734,0,0.4063568,0.02077293,0.316494
0.2557712,0.5903873,0.3372307,0.6322422,0.3540277,0,0.3747711,0.1111803,0.3367996
0.0422349,0.5155783,0.5032101,0.4081993,0.3382025,0,0.328001,0.1730986,0.3756714
0,0.4199886,0.6587667,0.05268764,0.2251101,0,0.1166859,0.2073679,0.3956032
0,0.3867054,0.7429562,0,0.3031549,0,0.05090141,0.338047,0.529253
0,0.3620901,0.7747345,0.02212048,0.385252,0,0,0.4788094,0.7069988
0,0.3175592,0.6517382,0.08726788,0.314538,0.1721115,0.1149149,0.7494078,0.7334747
0.05741119,0.3364305,0.6189537,0.1786852,0.2065449,0.2790308,0.2665758,1.073221,0.7411785
0.03095388,0.4290409,0.492877,0.2190685,0.05822468,0.4635229,0.3464565,1.412899,0.8988419
0.04023933,0.6095715,0.3894405,0.425045,0.08119678,0.5263023,0.6113749,1.513849,0.9774055
0.0337534,0.8232203,0.2105942,0.5035696,0.09271526,0.610445,0.863595,1.601811,1.040827
0.08335352,0.8650074,0.1562872,0.5989695,0,0.5311613,0.9552097,1.680713,1.205566
0.008488655,0.9319963,0.173274,0.6188831,0.01858807,0.4760094,0.9353981,1.674031,1.33712
0.1171288,0.9432631,0.2267504,0.5000038,0,0.3894138,0.968914,1.691659,1.264959
0.3361812,0.9843273,0.3298521,0.5750608,0,0.3133163,1.061067,1.688899,1.374298
0.5138278,1.007891,0.3782148,0.683136,0,0.2066927,1.16116,1.751091,1.350222
0.6899028,1.03655,0.5080528,0.8633585,0,0.3352642,1.283998,1.943757,1.334551
0.8195195,1.126175,0.728653,1.01915,0,0.4075127,1.374965,2.303297,1.396097
0.7076168,1.264195,1.050097,1.193961,0,0.6416407,1.48951,2.700173,1.553728
0.5635376,1.418786,1.40087,1.327345,0.01183224,0.8997536,1.936463,3.137483,1.786907
0.4010873,1.707812,1.802965,1.300827,0,1.149759,2.438228,3.610717,1.899231
0.1906056,2.053333,2.211435,1.334127,0,1.421428,3.028568,4.216809,2.044748
0,2.429678,2.768908,1.353679,0.04367447,1.734447,3.527139,4.741538,2.163902
0,2.829306,3.390895,1.323757,0.08502865,1.935567,4.005957,5.143886,2.200464
0.0883379,3.284493,4.138955,1.592576,0.05696201,2.16391,4.376343,5.305657,2.348974
0,3.748338,4.867435,2.005927,0.02684402,2.483409,4.659379,5.50855,2.56035
0,4.169697,5.366882,2.562438,0.03407383,2.849939,4.763588,5.518664,2.962202
0,4.49014,5.643436,3.109635,0.1156816,3.083636,4.663359,5.487704,3.295156
0.01759577,4.739608,5.827638,3.628138,0.3155212,3.268671,4.636686,5.432559,3.812191
0.1006603,4.794716,5.683023,3.96084,0.5370865,3.482487,4.756994,5.403871,4.258074
0.004097462,4.699186,5.329004,4.115873,0.7621174,3.671252,4.724883,5.186376,4.754297
0,4.460055,4.692067,4.224002,0.9541454,3.712537,4.742252,5.03996,5.164206
0,4.163228,4.134739,4.246487,1.147378,3.671872,4.605825,4.749316,5.346876
0,3.858925,3.751015,4.156289,1.378036,3.503965,4.242658,4.448459,5.239223
0,3.648391,3.526645,4.064618,1.475523,3.295487,3.868648,4.217597,5.145536
0,3.553667,3.41195,4.003057,1.576399,3.160926,3.518703,4.25386,5.034798
0,3.546389,3.185353,3.947444,1.69256,2.884891,3.149142,4.157269,4.853304
0,3.645012,3.014889,3.871602,1.831853,2.466121,2.904046,4.033015,4.541626
0.1174908,3.955167,2.809387,3.818125,2.007021,2.182943,2.637423,4.063302,4.537054
0.1024199,4.151914,2.442679,3.780944,2.211205,2.054199,2.505692,3.854547,4.35404
0.06477284,4.196895,2.093001,3.702179,2.205586,2.029378,2.271088,3.51451,4.418314
0.07107067,4.101473,1.744926,3.690069,2.181705,1.930497,2.128413,3.148803,4.412109
0.1819453,3.94866,1.557856,3.633927,2.144154,1.790861,1.874383,2.682295,4.314436
0.3298547,3.743446,1.513819,3.47729,2.081639,1.669901,1.585905,2.335536,4.135118
0.2333026,3.656753,1.459591,3.257806,1.824634,1.496538,1.355474,2.163586,4.094822
0.2720637,3.483034,1.533243,2.949376,1.499439,1.342912,1.178338,2.182581,3.899651
0.3218689,3.390273,1.486687,2.720744,1.201282,1.065684,0.9228849,2.147269,3.610691
0.4563558,3.365726,1.504025,2.363239,1.032151,0.9727688,0.7329102,2.028269,3.404594
0.3584759,3.43391,1.446171,2.154933,0.8426895,0.9932442,0.5148706,2.133756,3.153721
0.3213491,3.432481,1.358028,2.051847,0.6806097,0.9599447,0.4519148,2.108267,2.91407
0.1099298,3.291628,1.245134,1.84122,0.4410095,1.02634,0.4185991,1.860692,2.900871
0,3.078073,1.070703,1.706212,0.2982922,1.39271,0.3163881,1.563132,3.146879
0,2.917437,1.01186,1.608371,0.1943817,1.92136,0.1211414,1.763242,3.296104
0,2.801272,1.108183,1.48161,0.0741806,2.502289,0.1394148,2.585852,3.443577
0,2.731561,1.393928,1.280721,0,2.697569,0.469718,3.780303,3.504478
0,2.646448,1.599718,1.050062,0.07928944,0.4300299,0.8385382,4.329068,3.343428
0,2.558022,1.378068,1.162976,0.3929691,0,0.8644371,0.274292,3.010279
0.06018877,2.479551,0.1579828,1.563337,1.00577,6.617083,0,0,2.746046
0,2.351573,1.094378,2.302821,1.102333,20.93595,0,11.83808,2.205252
0,2.163366,5.779149,2.84132,0,40.25358,7.539154,35.61047,1.929892
0,2.028052,13.77135,1.726775,0,61.85848,25.27713,65.98908,2.209259
0,2.216154,22.59282,0,6.991804,81.17527,47.77748,97.17343,3.044985
0,2.756467,31.85502,0,20.67805,94.77051,69.5782,124.8717,4.087101
0.0526017,2.814554,40.98454,12.4957,36.78493,100.6315,87.75598,144.2298,4.550648
0.211851,1.41928,47.57351,31.68935,53.10117,96.72702,100.1841,151.4112,1.573902
0.3309728,0,49.98769,53.18442,67.88467,82.67443,104.0164,143.0832,0
0.3165656,0,47.40194,73.14454,78.78514,64.76383,97.8003,119.011,0
0.2952315,0,40.49437,88.74375,83.51315,49.99531,80.62,90.99957,0
0.08128011,12.55967,33.48231,96.69289,80.21728,37.06561,58.34183,71.04467,10.603
0,30.7205,27.14597,95.05611,68.87029,25.37267,46.36836,53.90379,45.3548
0,47.37727,21.09884,83.20235,54.99331,15.42785,37.24929,39.11327,76.9037
0,59.03239,14.37895,64.72318,46.29773,6.303202,28.88271,25.80597,100.5782
0,63.62177,8.477841,51.78728,37.92629,0,20.22238,14.65152,111.4506
0,59.18642,3.858249,40.51842,28.99517,0,12.413,5.543325,106.1484
0,45.66766,0,29.85277,20.46332,0,6.189874,0,82.83183
0,28.34329,0,20.47193,13.18148,-0.9234955,1.295041,0,51.7445
0,15.40103,0,12.09167,7.23658,-0.9627222,0,0,26.93523
0,6.186148,0,5.366453,2.60549,-0.6280395,-0.01651515,-0.198706,10.35531
0,0,-0.4734638,0,0,-0.08083437,-0.5894776,-0.4996046,0
